Unnamed: 0,상호명,행정동명,행정동코드,naver_keyword,naver_map_url,naver_visitor_review_qty,naver_star_point,naver_blog_review_qty
9000,라떼플로라,묵1동,1126062000,묵1동%20라떼플로라,https://m.place.naver.com/restaurant/33758632,163,4.48,921
9001,또래오래,묵1동,1126062000,묵1동%20또래오래,https://m.place.naver.com/restaurant/11803074,47,4.52,9
9002,서울수산회센터,묵1동,1126062000,묵1동%20서울수산회센터,https://m.place.naver.com/restaurant/20854206,316,4.48,48
9003,죠스떡볶이,묵1동,1126062000,묵1동%20죠스떡볶이,https://m.place.naver.com/restaurant/33821457,294,4.24,20
9005,스타벅스,묵1동,1126062000,묵1동%20스타벅스,https://m.place.naver.com/restaurant/1032276040,"3,771",4.46,119
9007,연안식당,묵1동,1126062000,묵1동%20연안식당,https://m.place.naver.com/restaurant/1723162317,422,4.25,121
9008,푸라닭치킨,묵1동,1126062000,묵1동%20푸라닭치킨,https://m.place.naver.com/restaurant/1889609636,362,4.53,45
9010,본죽,묵1동,1126062000,묵1동%20본죽,https://m.place.naver.com/restaurant/12977405,null,null,null
9011,역전할머니맥주,묵1동,1126062000,묵1동%20역전할머니맥주,https://m.place.naver.com/restaurant/1267173845,null,null,null
9012,떡사랑,묵1동,1126062000,묵1동%20떡사랑,https://m.place.naver.com/restaurant/13511320,230,4.11,1
9013,역전할머니맥주서울,묵1동,1126062000,묵1동%20역전할머니맥주서울,https://m.place.naver.com/restaurant/1267173845,null,null,null
9015,먹골골목냉면,묵1동,1126062000,묵1동%20먹골골목냉면,https://m.place.naver.com/restaurant/37696421,692,4.42,68
9016,올탑스터디카페,묵1동,1126062000,묵1동%20올탑스터디카페,https://m.place.naver.com/restaurant/1120535138,52,4.27,2
9017,커피맬러드,묵1동,1126062000,묵1동%20커피맬러드,https://m.place.naver.com/restaurant/34827018,101,4.37,47
9019,마구로사시미,묵1동,1126062000,묵1동%20마구로사시미,https://m.place.naver.com/restaurant/36364052,null,null,null
9021,가장맛있는족발,묵1동,1126062000,묵1동%20가장맛있는족발,https://m.place.naver.com/restaurant/37915733,355,4.29,29
9022,돌깨마을맷돌순두부,묵1동,1126062000,묵1동%20돌깨마을맷돌순두부,https://m.place.naver.com/restaurant/38229607,381,4.47,25
9023,동대문엽기떡볶이묵동점,묵1동,1126062000,묵1동%20동대문엽기떡볶이묵동점,https://m.place.naver.com/restaurant/37633095,785,4.32,44
9026,카페,묵1동,1126062000,묵1동%20카페,https://m.place.naver.com/restaurant/1422134589,150,4.67,63
9027,쭈꾸미&매운갈비찜,묵1동,1126062000,묵1동%20쭈꾸미&매운갈비찜,https://m.place.naver.com/restaurant/294208953,124,4.22,30
9028,진국삼계탕,묵1동,1126062000,묵1동%20진국삼계탕,https://m.place.naver.com/restaurant/765948833,143,4.22,18
9030,포앤시드니,묵1동,1126062000,묵1동%20포앤시드니,https://m.place.naver.com/restaurant/31068206,796,4.56,397
9032,달키스,묵1동,1126062000,묵1동%20달키스,https://m.place.naver.com/restaurant/1333741598,31,4.37,9
9034,칸타빌레,묵1동,1126062000,묵1동%20칸타빌레,https://m.place.naver.com/restaurant/1820035013,24,3.89,1
9035,브레드하우스인,묵1동,1126062000,묵1동%20브레드하우스인,https://m.place.naver.com/restaurant/20838667,260,4.27,1
9036,금천숯불갈비,묵1동,1126062000,묵1동%20금천숯불갈비,https://m.place.naver.com/restaurant/18886826,129,4.52,14
9039,김밥천국,묵1동,1126062000,묵1동%20김밥천국,https://m.place.naver.com/restaurant/1985996705,87,4.26,2
9042,배스킨라빈스31,묵1동,1126062000,묵1동%20배스킨라빈스31,https://m.place.naver.com/restaurant/30824670,"1,961",4.49,39
9043,먹골떡방,묵1동,1126062000,묵1동%20먹골떡방,https://m.place.naver.com/restaurant/20903989,null,null,null
9045,수내닭꼬치,묵1동,1126062000,묵1동%20수내닭꼬치,https://m.place.naver.com/restaurant/1178736459,null,null,null
9046,청평매운탕,묵1동,1126062000,묵1동%20청평매운탕,https://m.place.naver.com/restaurant/18203824,800,4.43,203
9047,파리바게뜨묵동삼거리점,묵1동,1126062000,묵1동%20파리바게뜨묵동삼거리점,https://m.place.naver.com/restaurant/11784997,"2,836",4.31,3
9049,엉클,묵1동,1126062000,묵1동%20엉클,https://m.place.naver.com/restaurant/1143630799,66,4.57,2
9050,본죽먹골역점,묵1동,1126062000,묵1동%20본죽먹골역점,https://m.place.naver.com/restaurant/12977405,null,null,null
9051,후식,묵1동,1126062000,묵1동%20후식,https://m.place.naver.com/restaurant/1399449005,29,4.6,7
9052,먹골솥뚜껑삼겹살,묵1동,1126062000,묵1동%20먹골솥뚜껑삼겹살,https://m.place.naver.com/restaurant/35150104,null,null,null
9053,이디야커피,묵1동,1126062000,묵1동%20이디야커피,https://m.place.naver.com/restaurant/1546571283,865,4.41,6
9054,후라이드참잘하는집,묵1동,1126062000,묵1동%20후라이드참잘하는집,https://m.place.naver.com/restaurant/38466828,400,4.34,27
9056,투썸플레이스묵동자이점,묵1동,1126062000,묵1동%20투썸플레이스묵동자이점,https://m.place.naver.com/restaurant/38522588,800,4.35,23
9057,능이버섯백숙,묵1동,1126062000,묵1동%20능이버섯백숙,https://m.place.naver.com/restaurant/11869184,385,4.41,40
9059,하나타코타코야끼,묵1동,1126062000,묵1동%20하나타코타코야끼,https://m.place.naver.com/restaurant/1656805439,null,null,null
9060,태명,묵1동,1126062000,묵1동%20태명,https://m.place.naver.com/restaurant/36351764,null,null,null
9063,고메이,묵1동,1126062000,묵1동%20고메이,https://m.place.naver.com/restaurant/36561242,null,null,null
9064,별담카페&고민상담,묵1동,1126062000,묵1동%20별담카페&고민상담,https://m.place.naver.com/restaurant/1614932391,32,4.29,24
9065,땅스부대찌개,묵1동,1126062000,묵1동%20땅스부대찌개,https://m.place.naver.com/restaurant/1981530319,520,4.41,39
9066,먹골전집,묵1동,1126062000,묵1동%20먹골전집,https://m.place.naver.com/restaurant/1582289130,122,4.49,22
9067,매머드커피묵동자이점,묵1동,1126062000,묵1동%20매머드커피묵동자이점,https://m.place.naver.com/restaurant/37586236,576,4.61,40
9068,활어장군,묵1동,1126062000,묵1동%20활어장군,https://m.place.naver.com/restaurant/1285349720,151,4.2,15
9069,명진,동화동,1114066500,동화동%20명진,https://m.place.naver.com/restaurant/37126873,null,null,null
9071,진도집,동화동,1114066500,동화동%20진도집,https://m.place.naver.com/restaurant/1469766870,null,null,null
9073,충만치킨서울신당점,동화동,1114066500,동화동%20충만치킨서울신당점,https://m.place.naver.com/restaurant/68752679,192,4.27,54
9074,오챠드1974,동화동,1114066500,동화동%20오챠드1974,https://m.place.naver.com/restaurant/33373939,475,4.5,423
9075,핑크핑크,동화동,1114066500,동화동%20핑크핑크,https://m.place.naver.com/restaurant/11849448,null,null,null
9076,삼삼이네,동화동,1114066500,동화동%20삼삼이네,https://m.place.naver.com/restaurant/11853003,362,4.45,46
9078,평옥,동화동,1114066500,동화동%20평옥,https://m.place.naver.com/restaurant/1611400245,170,4.61,17
9079,좋은세상,동화동,1114066500,동화동%20좋은세상,https://m.place.naver.com/restaurant/1018687025,null,null,null
9081,형제정육식당,동화동,1114066500,동화동%20형제정육식당,https://m.place.naver.com/restaurant/331485114,307,4.33,26
9084,명인찜닭,동화동,1114066500,동화동%20명인찜닭,https://m.place.naver.com/restaurant/37387727,null,null,null
9085,바오쯔만두,동화동,1114066500,동화동%20바오쯔만두,https://m.place.naver.com/restaurant/31229793,286,4.37,161
9086,BBQ치킨,동화동,1114066500,동화동%20BBQ치킨,https://m.place.naver.com/restaurant/11799792,212,4.27,4
9088,브레드디,동화동,1114066500,동화동%20브레드디,https://m.place.naver.com/restaurant/924478942,630,4.47,118
9090,까르보네,동화동,1114066500,동화동%20까르보네,https://m.place.naver.com/restaurant/31093301,516,4.28,43
9091,장원식당,동화동,1114066500,동화동%20장원식당,https://m.place.naver.com/restaurant/1854315462,121,4.4,8
9096,춘향미엔,동화동,1114066500,동화동%20춘향미엔,https://m.place.naver.com/restaurant/1643229713,"2,055",4.46,688
9097,언더오챠드,동화동,1114066500,동화동%20언더오챠드,https://m.place.naver.com/restaurant/1927185362,null,null,null
9098,박가네,동화동,1114066500,동화동%20박가네,https://m.place.naver.com/restaurant/1501219824,91,4.64,67
9099,셀렉토커피,동화동,1114066500,동화동%20셀렉토커피,https://m.place.naver.com/restaurant/38226637,123,4.53,3
9100,창매떡볶이,동화동,1114066500,동화동%20창매떡볶이,https://m.place.naver.com/restaurant/1011761220,227,4.37,11
9101,개성손만두,동화동,1114066500,동화동%20개성손만두,https://m.place.naver.com/restaurant/1496882046,551,4.23,31
9103,계경순대국,동화동,1114066500,동화동%20계경순대국,https://m.place.naver.com/restaurant/1391135840,451,4.28,15
9104,명태어장,동화동,1114066500,동화동%20명태어장,https://m.place.naver.com/restaurant/1556947977,null,null,null
9105,상관없지않나,동화동,1114066500,동화동%20상관없지않나,https://m.place.naver.com/restaurant/1002682086,null,null,null
9106,반올림피자샵,동화동,1114066500,동화동%20반올림피자샵,https://m.place.naver.com/restaurant/38257397,451,4.36,18
9107,피자마루,동화동,1114066500,동화동%20피자마루,https://m.place.naver.com/restaurant/20263136,281,4.48,11
9108,카페달콤한오늘,동화동,1114066500,동화동%20카페달콤한오늘,https://m.place.naver.com/restaurant/408858472,97,4.66,2
9109,수석김밥,동화동,1114066500,동화동%20수석김밥,https://m.place.naver.com/restaurant/1707209715,null,null,null
9110,알천면옥,동화동,1114066500,동화동%20알천면옥,https://m.place.naver.com/restaurant/13445088,246,4.43,32
9111,M,동화동,1114066500,동화동%20M,https://m.place.naver.com/restaurant/1540589832,null,null,null
9112,호식이두마리치킨,동화동,1114066500,동화동%20호식이두마리치킨,https://m.place.naver.com/restaurant/1553574428,29,4.7,6
9113,더커피,동화동,1114066500,동화동%20더커피,https://m.place.naver.com/restaurant/36835997,174,4.32,210
9115,교촌치킨,동화동,1114066500,동화동%20교촌치킨,https://m.place.naver.com/restaurant/11802442,922,4.36,34
9117,불타는낙지,동화동,1114066500,동화동%20불타는낙지,https://m.place.naver.com/restaurant/34786981,286,4.29,35
9118,기절떡풍,동화동,1114066500,동화동%20기절떡풍,https://m.place.naver.com/restaurant/1774412108,null,null,null
9121,쌀똑핫도그,동화동,1114066500,동화동%20쌀똑핫도그,https://m.place.naver.com/restaurant/326268148,178,4.34,7
9122,짬뽕지존,동화동,1114066500,동화동%20짬뽕지존,https://m.place.naver.com/restaurant/801256573,"1,258",4.34,181
9124,원조순대국,동화동,1114066500,동화동%20원조순대국,https://m.place.naver.com/restaurant/20938400,289,4.69,19
9125,엔제리너스,동화동,1114066500,동화동%20엔제리너스,https://m.place.naver.com/restaurant/1523384198,467,4.4,21
9126,칼멘호프,동화동,1114066500,동화동%20칼멘호프,https://m.place.naver.com/restaurant/20865856,null,null,null
9127,현대식당,동화동,1114066500,동화동%20현대식당,https://m.place.naver.com/restaurant/20885092,101,4.45,2
9128,낙원떡집,동화동,1114066500,동화동%20낙원떡집,https://m.place.naver.com/restaurant/31995853,665,4.25,30
9129,사이로,동화동,1114066500,동화동%20사이로,https://m.place.naver.com/restaurant/1591868804,null,null,null
9133,삼삼식당,동화동,1114066500,동화동%20삼삼식당,https://m.place.naver.com/restaurant/1548209408,167,4.64,29
9134,춘발원,동화동,1114066500,동화동%20춘발원,https://m.place.naver.com/restaurant/18123106,388,4.37,5
9135,오매순대국,동화동,1114066500,동화동%20오매순대국,https://m.place.naver.com/restaurant/1005766388,68,4.25,3
9136,지니커피,동화동,1114066500,동화동%20지니커피,https://m.place.naver.com/restaurant/1855832862,71,4.5,9
9138,마네키네코,동화동,1114066500,동화동%20마네키네코,https://m.place.naver.com/restaurant/37902348,142,4.28,7
9139,포시즌,동화동,1114066500,동화동%20포시즌,https://m.place.naver.com/restaurant/1304937711,null,null,null
9140,카페,동화동,1114066500,동화동%20카페,https://m.place.naver.com/restaurant/11714659,"16,626",4.37,"3,330"
9141,카페,동화동,1114066500,동화동%20카페,https://m.place.naver.com/restaurant/11714659,"16,626",4.37,"3,330"
9142,청년다방,동화동,1114066500,동화동%20청년다방,https://m.place.naver.com/restaurant/1429250220,342,4.59,31
9143,에듀카페,동화동,1114066500,동화동%20에듀카페,https://m.place.naver.com/restaurant/1370504294,null,null,null
9145,파운더리,동화동,1114066500,동화동%20파운더리,https://m.place.naver.com/restaurant/1938742764,null,null,null
9148,송주불냉면,동화동,1114066500,동화동%20송주불냉면,https://m.place.naver.com/restaurant/1435178981,198,4.27,3
9150,대흥페리카나,염리동,1144061000,염리동%20대흥페리카나,https://m.place.naver.com/restaurant/11800039,125,4.4,5
9154,한강서초순대국,염리동,1144061000,염리동%20한강서초순대국,https://m.place.naver.com/restaurant/20890981,229,4.36,29
9155,커피하우스,염리동,1144061000,염리동%20커피하우스,https://m.place.naver.com/restaurant/36379056,150,4.49,23
9156,BHC치킨,염리동,1144061000,염리동%20BHC치킨,https://m.place.naver.com/restaurant/37349753,483,4.37,20
9157,네오치킨,염리동,1144061000,염리동%20네오치킨,https://m.place.naver.com/restaurant/37097945,64,4.27,8
9158,스타벅스,염리동,1144061000,염리동%20스타벅스,https://m.place.naver.com/restaurant/38704457,"4,784",4.44,106
9159,덕이분식,염리동,1144061000,염리동%20덕이분식,https://m.place.naver.com/restaurant/1135047775,104,4.51,5
9164,도미노피자,염리동,1144061000,염리동%20도미노피자,https://m.place.naver.com/restaurant/11781411,692,4.39,22
9166,토즈,염리동,1144061000,염리동%20토즈,https://m.place.naver.com/restaurant/1111510144,31,4.68,2
9168,동대문엽기떡볶이공덕점,염리동,1144061000,염리동%20동대문엽기떡볶이공덕점,https://m.place.naver.com/restaurant/31658279,634,4.37,26
9169,와플칸,염리동,1144061000,염리동%20와플칸,https://m.place.naver.com/restaurant/1941010656,231,4.43,22
9170,필,염리동,1144061000,염리동%20필,https://m.place.naver.com/restaurant/20494855,779,4.35,14
9171,나무아래커피작업실,염리동,1144061000,염리동%20나무아래커피작업실,https://m.place.naver.com/restaurant/1893276632,null,null,null
9172,골목집,염리동,1144061000,염리동%20골목집,https://m.place.naver.com/restaurant/1577758142,44,4.54,5
9173,김밥사랑,염리동,1144061000,염리동%20김밥사랑,https://m.place.naver.com/restaurant/37534690,155,4.34,15
9174,스테이웰카페,염리동,1144061000,염리동%20스테이웰카페,https://m.place.naver.com/restaurant/1038521844,197,4.4,188
9175,피자나라치킨공주마포1호점,염리동,1144061000,염리동%20피자나라치킨공주마포1호점,https://m.place.naver.com/restaurant/1010567492,297,4.44,5
9176,을밀대,염리동,1144061000,염리동%20을밀대,https://m.place.naver.com/restaurant/11679611,"3,251",4.37,"3,856"
9177,요리생각,염리동,1144061000,염리동%20요리생각,https://m.place.naver.com/restaurant/1148623567,204,4.52,14
9178,아마스빈,염리동,1144061000,염리동%20아마스빈,https://m.place.naver.com/restaurant/1389769032,660,4.35,10
9179,곰탕반,염리동,1144061000,염리동%20곰탕반,https://m.place.naver.com/restaurant/1747449394,561,4.4,245
9180,불타는형제들,염리동,1144061000,염리동%20불타는형제들,https://m.place.naver.com/restaurant/1326028211,66,4.27,2
9181,유니케이크,염리동,1144061000,염리동%20유니케이크,https://m.place.naver.com/restaurant/36266078,null,null,null
9182,스마일찹쌀꽈배기,염리동,1144061000,염리동%20스마일찹쌀꽈배기,https://m.place.naver.com/restaurant/1340692629,151,4.54,5
9184,감탄떡볶이염리점,염리동,1144061000,염리동%20감탄떡볶이염리점,https://m.place.naver.com/restaurant/1925043365,null,null,null
9185,포로이,염리동,1144061000,염리동%20포로이,https://m.place.naver.com/restaurant/38751554,null,null,null
9186,나주골,염리동,1144061000,염리동%20나주골,https://m.place.naver.com/restaurant/1142534448,239,4.43,5
9187,팔공티,염리동,1144061000,염리동%20팔공티,https://m.place.naver.com/restaurant/1169185672,null,null,null
9188,평양냉면을밀대,염리동,1144061000,염리동%20평양냉면을밀대,https://m.place.naver.com/restaurant/11679611,"3,251",4.37,"3,856"
9189,퍼넬스페셜티커피하우스,염리동,1144061000,염리동%20퍼넬스페셜티커피하우스,https://m.place.naver.com/restaurant/36379056,150,4.49,23
9190,러반로제재화스퀘어점,염리동,1144061000,염리동%20러반로제재화스퀘어점,https://m.place.naver.com/restaurant/1456974268,null,null,null
9191,마당호프,염리동,1144061000,염리동%20마당호프,https://m.place.naver.com/restaurant/1160774318,70,4.98,1
9192,팩토리엠,염리동,1144061000,염리동%20팩토리엠,https://m.place.naver.com/restaurant/38005912,52,4.6,31
9193,정성찬집밥,염리동,1144061000,염리동%20정성찬집밥,https://m.place.naver.com/restaurant/1843005525,83,4.94,7
9194,오펠레,염리동,1144061000,염리동%20오펠레,https://m.place.naver.com/restaurant/1049351231,378,4.38,122
9195,킹콩부대찌개,염리동,1144061000,염리동%20킹콩부대찌개,https://m.place.naver.com/restaurant/1985495922,572,4.39,32
9196,육회어때,염리동,1144061000,염리동%20육회어때,https://m.place.naver.com/restaurant/1393210859,279,4.4,53
9197,그린데이즈,염리동,1144061000,염리동%20그린데이즈,https://m.place.naver.com/restaurant/1234987338,361,4.56,81
9204,이인,염리동,1144061000,염리동%20이인,https://m.place.naver.com/restaurant/1577085005,431,4.8,140
9205,명성원,염리동,1144061000,염리동%20명성원,https://m.place.naver.com/restaurant/1311976090,null,null,null
9206,수저가,염리동,1144061000,염리동%20수저가,https://m.place.naver.com/restaurant/1175027355,238,4.24,28
9207,이삭토스트,염리동,1144061000,염리동%20이삭토스트,https://m.place.naver.com/restaurant/1716202093,790,4.54,7
9208,공덕집,염리동,1144061000,염리동%20공덕집,https://m.place.naver.com/restaurant/1082977780,566,4.5,179
9209,엘리스,염리동,1144061000,염리동%20엘리스,https://m.place.naver.com/restaurant/1115919471,540,4.55,329
9210,파시,염리동,1144061000,염리동%20파시,https://m.place.naver.com/restaurant/1191390942,null,null,null
9213,스타벅스커피마포염리,염리동,1144061000,염리동%20스타벅스커피마포염리,https://m.place.naver.com/restaurant/38704457,"4,784",4.44,106
9214,통큰갈비,염리동,1144061000,염리동%20통큰갈비,https://m.place.naver.com/restaurant/1130909041,431,4.45,26
9215,대족장,염리동,1144061000,염리동%20대족장,https://m.place.naver.com/restaurant/1199022271,209,4.39,46
9216,송추가마골인어반,염리동,1144061000,염리동%20송추가마골인어반,https://m.place.naver.com/restaurant/38738144,"1,629",4.37,175
9218,진심커피,염리동,1144061000,염리동%20진심커피,https://m.place.naver.com/restaurant/1957867595,"1,075",4.26,23
9219,사심가득,염리동,1144061000,염리동%20사심가득,https://m.place.naver.com/restaurant/267497637,414,4.39,259
9220,오가다,염리동,1144061000,염리동%20오가다,https://m.place.naver.com/restaurant/1535507491,null,null,null
9221,작업실,염리동,1144061000,염리동%20작업실,https://m.place.naver.com/restaurant/1893276632,null,null,null
9222,차이나스토리,염리동,1144061000,염리동%20차이나스토리,https://m.place.naver.com/restaurant/1224183037,237,4.25,98
9223,리하우스,염리동,1144061000,염리동%20리하우스,https://m.place.naver.com/restaurant/31397730,null,null,null
9225,미스터리브루잉컴퍼니,염리동,1144061000,염리동%20미스터리브루잉컴퍼니,https://m.place.naver.com/restaurant/1027233132,null,null,null
9230,용궁,방학1동,1132069000,방학1동%20용궁,https://m.place.naver.com/restaurant/1194710661,null,null,null
9231,굽네치킨,방학1동,1132069000,방학1동%20굽네치킨,https://m.place.naver.com/restaurant/13030770,270,4.36,17
9233,돈사구,방학1동,1132069000,방학1동%20돈사구,https://m.place.naver.com/restaurant/20878004,16,3.92,2
9234,보리호프,방학1동,1132069000,방학1동%20보리호프,https://m.place.naver.com/restaurant/1533850852,null,null,null
9235,남해수산회직판장,방학1동,1132069000,방학1동%20남해수산회직판장,https://m.place.naver.com/restaurant/18623336,107,3.88,2
9237,도봉식당,방학1동,1132069000,방학1동%20도봉식당,https://m.place.naver.com/restaurant/1889846839,23,4.4,1
9238,쓰임,방학1동,1132069000,방학1동%20쓰임,https://m.place.naver.com/restaurant/1244322118,74,4.57,2
9241,바로굼빵터,방학1동,1132069000,방학1동%20바로굼빵터,https://m.place.naver.com/restaurant/18624238,null,null,null
9243,방학곰치집,방학1동,1132069000,방학1동%20방학곰치집,https://m.place.naver.com/restaurant/12787589,136,4.46,20
9244,화로참숯불구이,방학1동,1132069000,방학1동%20화로참숯불구이,https://m.place.naver.com/restaurant/38276643,718,4.13,20
9245,파린두스,방학1동,1132069000,방학1동%20파린두스,https://m.place.naver.com/restaurant/341267927,236,4.52,51
9247,탈랜트,방학1동,1132069000,방학1동%20탈랜트,https://m.place.naver.com/restaurant/11702119,null,null,null
9248,영자네곱창,방학1동,1132069000,방학1동%20영자네곱창,https://m.place.naver.com/restaurant/33859992,106,4.4,15
9249,아짜장,방학1동,1132069000,방학1동%20아짜장,https://m.place.naver.com/restaurant/1038391107,86,4.28,16
9250,토프레소방학역점,방학1동,1132069000,방학1동%20토프레소방학역점,https://m.place.naver.com/restaurant/20373506,199,4.52,9
9251,교동족발,방학1동,1132069000,방학1동%20교동족발,https://m.place.naver.com/restaurant/37425833,38,4.26,1
9252,걸작떡볶이,방학1동,1132069000,방학1동%20걸작떡볶이,https://m.place.naver.com/restaurant/649407747,374,4.4,30
9253,맛나순대국,방학1동,1132069000,방학1동%20맛나순대국,https://m.place.naver.com/restaurant/1663966735,94,4.74,1
9254,동대문엽기떡볶이신방학점,방학1동,1132069000,방학1동%20동대문엽기떡볶이신방학점,https://m.place.naver.com/restaurant/36515460,"1,173",4.38,33
9255,카페루앤비방학점,방학1동,1132069000,방학1동%20카페루앤비방학점,https://m.place.naver.com/restaurant/201632090,164,4.65,2
9260,종로찌개마을,방학1동,1132069000,방학1동%20종로찌개마을,https://m.place.naver.com/restaurant/38472565,364,4.31,9
9261,코삼바,방학1동,1132069000,방학1동%20코삼바,https://m.place.naver.com/restaurant/1216851611,null,null,null
9262,청춘닭볶음탕,방학1동,1132069000,방학1동%20청춘닭볶음탕,https://m.place.naver.com/restaurant/30856441,83,4.19,22
9264,호돈구이,방학1동,1132069000,방학1동%20호돈구이,https://m.place.naver.com/restaurant/1331742816,14,4.69,1
9265,휴일,방학1동,1132069000,방학1동%20휴일,https://m.place.naver.com/restaurant/1273304504,128,4.55,1
9266,동네식당덕천랜드,방학1동,1132069000,방학1동%20동네식당덕천랜드,https://m.place.naver.com/restaurant/1280361237,11,4.55,2
9267,성지해장국,방학1동,1132069000,방학1동%20성지해장국,https://m.place.naver.com/restaurant/1988232300,41,4.33,3
9269,맘스카페,방학1동,1132069000,방학1동%20맘스카페,https://m.place.naver.com/restaurant/1714897238,32,4.64,2
9272,또래오래,방학1동,1132069000,방학1동%20또래오래,https://m.place.naver.com/restaurant/38228096,79,4.41,14
9274,방학손칼국수,방학1동,1132069000,방학1동%20방학손칼국수,https://m.place.naver.com/restaurant/1306874410,310,4.49,48
9275,솥뚜껑김치삼겹살,방학1동,1132069000,방학1동%20솥뚜껑김치삼겹살,https://m.place.naver.com/restaurant/1809382707,201,4.15,20
9276,바다아구찜,방학1동,1132069000,방학1동%20바다아구찜,https://m.place.naver.com/restaurant/21724145,122,4.6,4
9278,우리할매떡볶이,방학1동,1132069000,방학1동%20우리할매떡볶이,https://m.place.naver.com/restaurant/1025915888,"1,213",4.5,42
9280,마장동황소곱창,방학1동,1132069000,방학1동%20마장동황소곱창,https://m.place.naver.com/restaurant/20878804,115,4.16,36
9281,항아리수제비,방학1동,1132069000,방학1동%20항아리수제비,https://m.place.naver.com/restaurant/20866505,null,null,null
9282,대성한우곱창,방학1동,1132069000,방학1동%20대성한우곱창,https://m.place.naver.com/restaurant/1203098375,144,4.36,73
9283,감로수커피,방학1동,1132069000,방학1동%20감로수커피,https://m.place.naver.com/restaurant/37207301,null,null,null
9284,스모프치킨,방학1동,1132069000,방학1동%20스모프치킨,https://m.place.naver.com/restaurant/1159133638,null,null,null
9285,방학회센타,방학1동,1132069000,방학1동%20방학회센타,https://m.place.naver.com/restaurant/1820302939,51,4.08,30
9287,공릉동국수,방학1동,1132069000,방학1동%20공릉동국수,https://m.place.naver.com/restaurant/1648844777,168,4.22,5
9288,맛있는곱창,방학1동,1132069000,방학1동%20맛있는곱창,https://m.place.naver.com/restaurant/1457661063,90,4.65,14
9292,명륜진사갈비,방학1동,1132069000,방학1동%20명륜진사갈비,https://m.place.naver.com/restaurant/1211076061,576,4.22,55
9293,카페게이트,방학1동,1132069000,방학1동%20카페게이트,https://m.place.naver.com/restaurant/1200550551,"1,151",4.43,10
9294,발효명가방학골갈비,방학1동,1132069000,방학1동%20발효명가방학골갈비,https://m.place.naver.com/restaurant/1315890548,76,4.3,28
9300,지코바양념치킨,방학1동,1132069000,방학1동%20지코바양념치킨,https://m.place.naver.com/restaurant/1254030984,98,4.48,15
9301,교촌치킨,방학1동,1132069000,방학1동%20교촌치킨,https://m.place.naver.com/restaurant/11802346,"1,163",4.27,12
9303,성지식당,방학1동,1132069000,방학1동%20성지식당,https://m.place.naver.com/restaurant/1903886931,43,4.41,4
9305,옛날통닭,방학1동,1132069000,방학1동%20옛날통닭,https://m.place.naver.com/restaurant/1670797434,90,4.35,1
9307,육탄집,방학1동,1132069000,방학1동%20육탄집,https://m.place.naver.com/restaurant/1037589036,237,4.4,24
9308,예스,방학1동,1132069000,방학1동%20예스,https://m.place.naver.com/restaurant/1847265381,null,null,null
9309,종로곱창,삼선동,1129055500,삼선동%20종로곱창,https://m.place.naver.com/restaurant/33484487,"1,419",4.47,310
9311,딱좋아호프,삼선동,1129055500,삼선동%20딱좋아호프,https://m.place.naver.com/restaurant/1732239547,null,null,null
9312,미스터돈까스,삼선동,1129055500,삼선동%20미스터돈까스,https://m.place.naver.com/restaurant/1157376942,83,4.67,4
9313,이모네분식,삼선동,1129055500,삼선동%20이모네분식,https://m.place.naver.com/restaurant/20839549,77,4.27,2
9315,크림탑커피,삼선동,1129055500,삼선동%20크림탑커피,https://m.place.naver.com/restaurant/35603435,229,4.21,27
9317,토속집,삼선동,1129055500,삼선동%20토속집,https://m.place.naver.com/restaurant/21399191,135,4.36,37
9319,혜화면옥,삼선동,1129055500,삼선동%20혜화면옥,https://m.place.naver.com/restaurant/36317176,820,4.26,113
9321,북경,삼선동,1129055500,삼선동%20북경,https://m.place.naver.com/restaurant/18025097,318,4.31,28
9322,우남식당,삼선동,1129055500,삼선동%20우남식당,https://m.place.naver.com/restaurant/18898614,169,3.88,6
9324,로뎀나무아래서,삼선동,1129055500,삼선동%20로뎀나무아래서,https://m.place.naver.com/restaurant/1016563137,null,null,null
9325,카페뮤,삼선동,1129055500,삼선동%20카페뮤,https://m.place.naver.com/restaurant/302382923,154,4.48,7
9327,성북경찰서,삼선동,1129055500,삼선동%20성북경찰서,https://m.place.naver.com/restaurant/11642493,null,null,null
9328,소문난순대국,삼선동,1129055500,삼선동%20소문난순대국,https://m.place.naver.com/restaurant/20931537,271,4.35,12
9329,일흥콩나물해장국,삼선동,1129055500,삼선동%20일흥콩나물해장국,https://m.place.naver.com/restaurant/20885973,97,4.14,52
9330,퐁닭퐁닭,삼선동,1129055500,삼선동%20퐁닭퐁닭,https://m.place.naver.com/restaurant/253919435,36,4.82,2
9331,보문,삼선동,1129055500,삼선동%20보문,https://m.place.naver.com/restaurant/11735309,703,4.27,24
9333,박리분식,삼선동,1129055500,삼선동%20박리분식,https://m.place.naver.com/restaurant/1919080685,null,null,null
9334,심송갈비,삼선동,1129055500,삼선동%20심송갈비,https://m.place.naver.com/restaurant/1578435385,354,4.27,113
9336,청해먹거리돼지곱창전문,삼선동,1129055500,삼선동%20청해먹거리돼지곱창전문,https://m.place.naver.com/restaurant/1215729051,null,null,null
9337,황해옥감자탕,삼선동,1129055500,삼선동%20황해옥감자탕,https://m.place.naver.com/restaurant/34350485,421,4.5,200
9338,고려한방삼계탕삼선교점,삼선동,1129055500,삼선동%20고려한방삼계탕삼선교점,https://m.place.naver.com/restaurant/1544101879,185,4.38,9
9340,도깨비분식까페,삼선동,1129055500,삼선동%20도깨비분식까페,https://m.place.naver.com/restaurant/34349546,123,4.52,1
9343,홍두깨손칼국수,삼선동,1129055500,삼선동%20홍두깨손칼국수,https://m.place.naver.com/restaurant/20823808,null,null,null
9344,회세꼬시,삼선동,1129055500,삼선동%20회세꼬시,https://m.place.naver.com/restaurant/1142678616,null,null,null
9346,녕화식당,삼선동,1129055500,삼선동%20녕화식당,https://m.place.naver.com/restaurant/1365270997,156,4.42,25
9347,스시포유,삼선동,1129055500,삼선동%20스시포유,https://m.place.naver.com/restaurant/1261239104,260,4.47,68
9349,노이어커피,삼선동,1129055500,삼선동%20노이어커피,https://m.place.naver.com/restaurant/1773846853,334,4.71,121
9350,마포숯불갈비,삼선동,1129055500,삼선동%20마포숯불갈비,https://m.place.naver.com/restaurant/1530747407,65,4.59,4
9352,사계의오후,삼선동,1129055500,삼선동%20사계의오후,https://m.place.naver.com/restaurant/1785055254,null,null,null
9353,저팔계,삼선동,1129055500,삼선동%20저팔계,https://m.place.naver.com/restaurant/11594075,105,4.48,7
9354,카페쉼표,삼선동,1129055500,삼선동%20카페쉼표,https://m.place.naver.com/restaurant/1939603975,null,null,null
9358,밥이랑술이랑,삼선동,1129055500,삼선동%20밥이랑술이랑,https://m.place.naver.com/restaurant/38226501,null,null,null
9361,백년감자탕,삼선동,1129055500,삼선동%20백년감자탕,https://m.place.naver.com/restaurant/37868890,192,4.24,31
9362,조마루뼈다귀,삼선동,1129055500,삼선동%20조마루뼈다귀,https://m.place.naver.com/restaurant/11735309,703,4.27,24
9363,스시현,삼선동,1129055500,삼선동%20스시현,https://m.place.naver.com/restaurant/37822466,630,4.44,95
9364,써브웨이한성대점,삼선동,1129055500,삼선동%20써브웨이한성대점,https://m.place.naver.com/restaurant/35787583,"1,596",4.24,28
9365,코다리양반,삼선동,1129055500,삼선동%20코다리양반,https://m.place.naver.com/restaurant/1121921397,47,4.39,8
9368,섭지코지마씸,삼선동,1129055500,삼선동%20섭지코지마씸,https://m.place.naver.com/restaurant/500329398,199,4.34,35
9371,열린마당,삼선동,1129055500,삼선동%20열린마당,https://m.place.naver.com/restaurant/1831273195,128,4.31,7
9372,마전터곱창,삼선동,1129055500,삼선동%20마전터곱창,https://m.place.naver.com/restaurant/18895831,53,4.12,21
9373,돈암순대,삼선동,1129055500,삼선동%20돈암순대,https://m.place.naver.com/restaurant/37558482,452,4.19,166
9374,조마루감자탕,삼선동,1129055500,삼선동%20조마루감자탕,https://m.place.naver.com/restaurant/11735309,703,4.27,24
9375,이조삼계탕,삼선동,1129055500,삼선동%20이조삼계탕,https://m.place.naver.com/restaurant/1951067437,68,4.83,9
9378,잔칫날,삼선동,1129055500,삼선동%20잔칫날,https://m.place.naver.com/restaurant/1860292149,117,4.27,18
9379,인천할머니생선,삼선동,1129055500,삼선동%20인천할머니생선,https://m.place.naver.com/restaurant/1053755690,null,null,null
9382,오늘김밥,삼선동,1129055500,삼선동%20오늘김밥,https://m.place.naver.com/restaurant/20893493,331,4.41,5
9383,달.달커피,삼선동,1129055500,삼선동%20달.달커피,https://m.place.naver.com/restaurant/1393350137,null,null,null
9384,뉴멕시칸,삼선동,1129055500,삼선동%20뉴멕시칸,https://m.place.naver.com/restaurant/1178153652,336,4.27,16
9385,공방163,삼선동,1129055500,삼선동%20공방163,https://m.place.naver.com/restaurant/38325574,null,null,null
9386,피자마루한성대점,삼선동,1129055500,삼선동%20피자마루한성대점,https://m.place.naver.com/restaurant/37890825,91,4.34,9
9387,삼홍생고기전문점,삼선동,1129055500,삼선동%20삼홍생고기전문점,https://m.place.naver.com/restaurant/11679117,62,4.35,17
9388,방목,삼선동,1129055500,삼선동%20방목,https://m.place.naver.com/restaurant/1907044265,346,4.61,167
9389,커핀그루나루신천점,잠실본동,1171065000,잠실본동%20커핀그루나루신천점,https://m.place.naver.com/restaurant/33586527,583,4.32,54
9392,놀부유황오리,잠실본동,1171065000,잠실본동%20놀부유황오리,https://m.place.naver.com/restaurant/33617768,276,4.32,54
9394,나폴레옹과자점잠실점,잠실본동,1171065000,잠실본동%20나폴레옹과자점잠실점,https://m.place.naver.com/restaurant/1754416545,"2,110",4.38,84
9395,굽네치킨잠실본동점,잠실본동,1171065000,잠실본동%20굽네치킨잠실본동점,https://m.place.naver.com/restaurant/13395032,168,4.46,13
9402,스시&롤愛,잠실본동,1171065000,잠실본동%20스시&롤愛,https://m.place.naver.com/restaurant/37637665,null,null,null
9403,커피빈,잠실본동,1171065000,잠실본동%20커피빈,https://m.place.naver.com/restaurant/36948683,"1,118",4.55,28
9405,던킨도너츠,잠실본동,1171065000,잠실본동%20던킨도너츠,https://m.place.naver.com/restaurant/12948219,null,null,null
9406,램플러스신천점,잠실본동,1171065000,잠실본동%20램플러스신천점,https://m.place.naver.com/restaurant/1902251648,"1,060",4.63,"2,250"
9408,서울빈대떡,잠실본동,1171065000,잠실본동%20서울빈대떡,https://m.place.naver.com/restaurant/11628137,176,4.4,45
9409,은성커피숍,잠실본동,1171065000,잠실본동%20은성커피숍,https://m.place.naver.com/restaurant/18450700,26,4.3,1
9410,산오징어마을,잠실본동,1171065000,잠실본동%20산오징어마을,https://m.place.naver.com/restaurant/30887311,37,4.06,15
9412,명가떡집,잠실본동,1171065000,잠실본동%20명가떡집,https://m.place.naver.com/restaurant/12767459,736,4.29,202
9413,커피빈,잠실본동,1171065000,잠실본동%20커피빈,https://m.place.naver.com/restaurant/36948683,"1,118",4.55,28
9414,유원,잠실본동,1171065000,잠실본동%20유원,https://m.place.naver.com/restaurant/13401985,null,null,null
9415,역전식당,잠실본동,1171065000,잠실본동%20역전식당,https://m.place.naver.com/restaurant/33243949,859,4.77,"1,003"
9416,검단양만,잠실본동,1171065000,잠실본동%20검단양만,https://m.place.naver.com/restaurant/33889734,175,4.26,195
9420,뉴욕핫도그앤커피,잠실본동,1171065000,잠실본동%20뉴욕핫도그앤커피,https://m.place.naver.com/restaurant/38276954,429,4.3,5
9422,돈까스집23,잠실본동,1171065000,잠실본동%20돈까스집23,https://m.place.naver.com/restaurant/1168341632,132,4.25,42
9423,맥호프,잠실본동,1171065000,잠실본동%20맥호프,https://m.place.naver.com/restaurant/13443386,388,4.73,349
9424,새마을순대국,잠실본동,1171065000,잠실본동%20새마을순대국,https://m.place.naver.com/restaurant/13050941,154,4.14,23
9425,한가네숯불닭갈비,잠실본동,1171065000,잠실본동%20한가네숯불닭갈비,https://m.place.naver.com/restaurant/1154450030,161,4.55,41
9426,스타벅스,잠실본동,1171065000,잠실본동%20스타벅스,https://m.place.naver.com/restaurant/33331829,"4,265",4.48,164
9427,잠실나그네,잠실본동,1171065000,잠실본동%20잠실나그네,https://m.place.naver.com/restaurant/37293562,128,4.55,48
9428,지니네분식,잠실본동,1171065000,잠실본동%20지니네분식,https://m.place.naver.com/restaurant/1922600726,78,4.16,6
9430,꼴목포차,잠실본동,1171065000,잠실본동%20꼴목포차,https://m.place.naver.com/restaurant/1591912407,137,4.46,16
9431,토마토,잠실본동,1171065000,잠실본동%20토마토,https://m.place.naver.com/restaurant/1953693888,null,null,null
9432,파파존스피자잠실점,잠실본동,1171065000,잠실본동%20파파존스피자잠실점,https://m.place.naver.com/restaurant/13397562,375,4.43,16
9433,이디야커피,잠실본동,1171065000,잠실본동%20이디야커피,https://m.place.naver.com/restaurant/1114153467,null,null,null
9436,토마루해물칼국수,잠실본동,1171065000,잠실본동%20토마루해물칼국수,https://m.place.naver.com/restaurant/18843957,801,4.42,240
9437,부일갈매기,잠실본동,1171065000,잠실본동%20부일갈매기,https://m.place.naver.com/restaurant/18570242,297,4.56,452
9439,잠실고기,잠실본동,1171065000,잠실본동%20잠실고기,https://m.place.naver.com/restaurant/1475048474,"1,072",4.69,763
9440,할리스커피,잠실본동,1171065000,잠실본동%20할리스커피,https://m.place.naver.com/restaurant/611122241,null,null,null
9442,누들보쌈,잠실본동,1171065000,잠실본동%20누들보쌈,https://m.place.naver.com/restaurant/1445265050,null,null,null
9443,신천돼지,잠실본동,1171065000,잠실본동%20신천돼지,https://m.place.naver.com/restaurant/36886211,934,4.73,919
9444,큰집닭강정,잠실본동,1171065000,잠실본동%20큰집닭강정,https://m.place.naver.com/restaurant/1072568474,173,4.35,14
9446,곱창,잠실본동,1171065000,잠실본동%20곱창,https://m.place.naver.com/restaurant/1475048474,"1,072",4.69,763
9447,삼미리식당,잠실본동,1171065000,잠실본동%20삼미리식당,https://m.place.naver.com/restaurant/1333335154,213,4.34,168
9448,명가왕만두,잠실본동,1171065000,잠실본동%20명가왕만두,https://m.place.naver.com/restaurant/1277017532,339,4.18,8
9449,고쿠텐,잠실본동,1171065000,잠실본동%20고쿠텐,https://m.place.naver.com/restaurant/1519709604,732,4.58,418
9455,도화서가,잠실본동,1171065000,잠실본동%20도화서가,https://m.place.naver.com/restaurant/1076429539,null,null,null
9456,셜록홈즈,잠실본동,1171065000,잠실본동%20셜록홈즈,https://m.place.naver.com/restaurant/1104521738,65,4.5,346
9457,김복남맥주,잠실본동,1171065000,잠실본동%20김복남맥주,https://m.place.naver.com/restaurant/1233068468,138,4.38,22
9458,깻잎닭강정,잠실본동,1171065000,잠실본동%20깻잎닭강정,https://m.place.naver.com/restaurant/34699181,null,null,null
9459,신흥속초코다리,잠실본동,1171065000,잠실본동%20신흥속초코다리,https://m.place.naver.com/restaurant/1203474809,107,4.18,2
9461,명륜진사갈비,잠실본동,1171065000,잠실본동%20명륜진사갈비,https://m.place.naver.com/restaurant/1588330899,null,null,null
9462,장미맨숀,잠실본동,1171065000,잠실본동%20장미맨숀,https://m.place.naver.com/restaurant/1172724778,206,4.29,181
9463,밀회관,잠실본동,1171065000,잠실본동%20밀회관,https://m.place.naver.com/restaurant/1912275762,389,4.42,288
9464,원할머니보쌈,잠실본동,1171065000,잠실본동%20원할머니보쌈,https://m.place.naver.com/restaurant/1639167379,null,null,null
9466,명성왕족발,잠실본동,1171065000,잠실본동%20명성왕족발,https://m.place.naver.com/restaurant/1497970824,288,4.3,4
9467,비주,잠실본동,1171065000,잠실본동%20비주,https://m.place.naver.com/restaurant/1555613602,null,null,null
9468,새내역찌개,잠실본동,1171065000,잠실본동%20새내역찌개,https://m.place.naver.com/restaurant/1257527375,156,4.38,16
9469,터치카페,역삼2동,1168065000,역삼2동%20터치카페,https://m.place.naver.com/restaurant/142540298,null,null,null
9471,중화요리일품,역삼2동,1168065000,역삼2동%20중화요리일품,https://m.place.naver.com/restaurant/31730244,633,4.47,2
9475,푸드2900,역삼2동,1168065000,역삼2동%20푸드2900,https://m.place.naver.com/restaurant/20619316,288,4.49,4
9476,사량도,역삼2동,1168065000,역삼2동%20사량도,https://m.place.naver.com/restaurant/36449603,225,4.1,34
9478,할리스커피,역삼2동,1168065000,역삼2동%20할리스커피,https://m.place.naver.com/restaurant/1052747813,"3,046",4.43,129
9479,남경,역삼2동,1168065000,역삼2동%20남경,https://m.place.naver.com/restaurant/1886933849,96,4.21,7
9481,모자이크,역삼2동,1168065000,역삼2동%20모자이크,https://m.place.naver.com/restaurant/1138057186,null,null,null
9482,하이힐,역삼2동,1168065000,역삼2동%20하이힐,https://m.place.naver.com/restaurant/12756167,406,4.61,734
9483,여수,역삼2동,1168065000,역삼2동%20여수,https://m.place.naver.com/restaurant/37452646,178,4.12,7
9484,가무,역삼2동,1168065000,역삼2동%20가무,https://m.place.naver.com/restaurant/1217967243,null,null,null
9485,카페,역삼2동,1168065000,역삼2동%20카페,https://m.place.naver.com/restaurant/35603926,"5,178",4.33,"3,554"
9489,아띠,역삼2동,1168065000,역삼2동%20아띠,https://m.place.naver.com/restaurant/1451181445,43,5,78
9490,가온,역삼2동,1168065000,역삼2동%20가온,https://m.place.naver.com/restaurant/87020613,null,null,null
9491,토프레소,역삼2동,1168065000,역삼2동%20토프레소,https://m.place.naver.com/restaurant/1081926222,null,null,null
9492,육천중국요리,역삼2동,1168065000,역삼2동%20육천중국요리,https://m.place.naver.com/restaurant/18589971,135,4.17,2
9494,유끼스시,역삼2동,1168065000,역삼2동%20유끼스시,https://m.place.naver.com/restaurant/31047746,267,4.31,30
9495,커피빈코리아역삼동태광타워점,역삼2동,1168065000,역삼2동%20커피빈코리아역삼동태광타워점,https://m.place.naver.com/restaurant/71809858,null,null,null
9496,롯데리아,역삼2동,1168065000,역삼2동%20롯데리아,https://m.place.naver.com/restaurant/32769025,"3,013",4.22,118
9497,맥도날드,역삼2동,1168065000,역삼2동%20맥도날드,https://m.place.naver.com/restaurant/1687420221,"4,789",4.32,106
9498,어화,역삼2동,1168065000,역삼2동%20어화,https://m.place.naver.com/restaurant/148378644,162,4.33,17
9502,윤화돈까스기사식당,역삼2동,1168065000,역삼2동%20윤화돈까스기사식당,https://m.place.naver.com/restaurant/13100219,"1,529",4.36,445
9504,오토김밥,역삼2동,1168065000,역삼2동%20오토김밥,https://m.place.naver.com/restaurant/1171714242,506,4.36,69
9505,누나홀닭역삼개나리점,역삼2동,1168065000,역삼2동%20누나홀닭역삼개나리점,https://m.place.naver.com/restaurant/37009268,168,4.47,7
9506,콩이네집,역삼2동,1168065000,역삼2동%20콩이네집,https://m.place.naver.com/restaurant/1289289931,294,4.46,3
9508,명랑시대쌀핫도그,역삼2동,1168065000,역삼2동%20명랑시대쌀핫도그,https://m.place.naver.com/restaurant/246000178,"1,499",4.43,75
9511,샐러디,역삼2동,1168065000,역삼2동%20샐러디,https://m.place.naver.com/restaurant/36690549,"1,116",4.47,216
9512,여왕의브런치,역삼2동,1168065000,역삼2동%20여왕의브런치,https://m.place.naver.com/restaurant/1882142064,null,null,null
9513,제주항,역삼2동,1168065000,역삼2동%20제주항,https://m.place.naver.com/restaurant/1784581593,159,4.45,14
9514,신림백순대전주집,역삼2동,1168065000,역삼2동%20신림백순대전주집,https://m.place.naver.com/restaurant/1367849084,null,null,null
9515,묵호항,역삼2동,1168065000,역삼2동%20묵호항,https://m.place.naver.com/restaurant/18577510,84,4.57,104
9516,가츠가게,역삼2동,1168065000,역삼2동%20가츠가게,https://m.place.naver.com/restaurant/1683549281,939,4.17,516
9517,동경스시,역삼2동,1168065000,역삼2동%20동경스시,https://m.place.naver.com/restaurant/13277532,155,4.26,15
9518,라이브,역삼2동,1168065000,역삼2동%20라이브,https://m.place.naver.com/restaurant/1642763510,null,null,null
9519,멜로워,역삼2동,1168065000,역삼2동%20멜로워,https://m.place.naver.com/restaurant/1275470400,709,4.42,152
9521,반미362,역삼2동,1168065000,역삼2동%20반미362,https://m.place.naver.com/restaurant/1003159689,354,4.43,71
9522,진풍정,역삼2동,1168065000,역삼2동%20진풍정,https://m.place.naver.com/restaurant/11834756,150,4.1,"2,067"
9523,고카페,역삼2동,1168065000,역삼2동%20고카페,https://m.place.naver.com/restaurant/1024586870,null,null,null
9525,샤크,역삼2동,1168065000,역삼2동%20샤크,https://m.place.naver.com/restaurant/1153003796,null,null,null
9526,역삼동찹쌀순대국,역삼2동,1168065000,역삼2동%20역삼동찹쌀순대국,https://m.place.naver.com/restaurant/37801077,597,4.15,120
9527,비에이치서비스,역삼2동,1168065000,역삼2동%20비에이치서비스,https://m.place.naver.com/restaurant/1162829132,null,null,null
9528,대박닭강정,역삼2동,1168065000,역삼2동%20대박닭강정,https://m.place.naver.com/restaurant/21224805,152,4.46,8
9529,스타벅스,역삼2동,1168065000,역삼2동%20스타벅스,https://m.place.naver.com/restaurant/1086067689,"6,344",4.51,619
9530,삼탱이시래기밥,역삼2동,1168065000,역삼2동%20삼탱이시래기밥,https://m.place.naver.com/restaurant/1359699651,402,4.67,14
9531,토부,역삼2동,1168065000,역삼2동%20토부,https://m.place.naver.com/restaurant/1273760163,null,null,null
9537,수타우동겐,역삼2동,1168065000,역삼2동%20수타우동겐,https://m.place.naver.com/restaurant/1159445629,null,null,null
9542,세라젬웰카페,역삼2동,1168065000,역삼2동%20세라젬웰카페,https://m.place.naver.com/restaurant/1382234782,388,4.52,30
9543,선술집,역삼2동,1168065000,역삼2동%20선술집,https://m.place.naver.com/restaurant/31509806,"1,040",4.37,"1,138"
9544,오토,역삼2동,1168065000,역삼2동%20오토,https://m.place.naver.com/restaurant/1171714242,506,4.36,69
9545,스타벅스,역삼2동,1168065000,역삼2동%20스타벅스,https://m.place.naver.com/restaurant/1086067689,"6,344",4.51,619
9546,버거킹선릉역점,역삼2동,1168065000,역삼2동%20버거킹선릉역점,https://m.place.naver.com/restaurant/11684276,"5,146",4.41,79
9547,북촌순두부보쌈,역삼2동,1168065000,역삼2동%20북촌순두부보쌈,https://m.place.naver.com/restaurant/37290294,521,4.26,57
9549,산동성,응암1동,1138058000,응암1동%20산동성,https://m.place.naver.com/restaurant/19542202,802,4.27,72
9550,도미노피자,응암1동,1138058000,응암1동%20도미노피자,https://m.place.naver.com/restaurant/35749598,318,4.39,31
9551,탑노래뱅크,응암1동,1138058000,응암1동%20탑노래뱅크,https://m.place.naver.com/restaurant/1905733108,null,null,null
9552,루시,응암1동,1138058000,응암1동%20루시,https://m.place.naver.com/restaurant/1325707330,23,4.59,1
9553,해바라기분식,응암1동,1138058000,응암1동%20해바라기분식,https://m.place.naver.com/restaurant/18681384,220,4.54,8
9554,은평양촌리,응암1동,1138058000,응암1동%20은평양촌리,https://m.place.naver.com/restaurant/20135167,null,null,null
9555,잔치잔치,응암1동,1138058000,응암1동%20잔치잔치,https://m.place.naver.com/restaurant/1662677447,null,null,null
9556,섬섬옥수,응암1동,1138058000,응암1동%20섬섬옥수,https://m.place.naver.com/restaurant/1891497846,null,null,null
9557,BHC치킨,응암1동,1138058000,응암1동%20BHC치킨,https://m.place.naver.com/restaurant/19931519,935,4.16,36
9558,이삭토스트,응암1동,1138058000,응암1동%20이삭토스트,https://m.place.naver.com/restaurant/38563744,"1,651",4.49,27
9560,펀비어킹은평서부병원점,응암1동,1138058000,응암1동%20펀비어킹은평서부병원점,https://m.place.naver.com/restaurant/38251536,184,4.43,4
9561,스시쇼부,응암1동,1138058000,응암1동%20스시쇼부,https://m.place.naver.com/restaurant/1971832408,"1,416",4.58,298
9562,아빠랑나랑,응암1동,1138058000,응암1동%20아빠랑나랑,https://m.place.naver.com/restaurant/38522273,null,null,null
9564,전주콩나물국밥응암점,응암1동,1138058000,응암1동%20전주콩나물국밥응암점,https://m.place.naver.com/restaurant/1726396528,614,4.51,22
9567,해물회천국,응암1동,1138058000,응암1동%20해물회천국,https://m.place.naver.com/restaurant/1321714685,218,4.2,23
9569,투다리,응암1동,1138058000,응암1동%20투다리,https://m.place.naver.com/restaurant/38623545,45,4.31,6
9570,뚜레쥬르,응암1동,1138058000,응암1동%20뚜레쥬르,https://m.place.naver.com/restaurant/1279131209,null,null,null
9572,호식이두마리치킨,응암1동,1138058000,응암1동%20호식이두마리치킨,https://m.place.naver.com/restaurant/1110026302,43,4.39,4
9573,푸라닭치킨,응암1동,1138058000,응암1동%20푸라닭치킨,https://m.place.naver.com/restaurant/1003190458,357,4.44,16
9574,김가네,응암1동,1138058000,응암1동%20김가네,https://m.place.naver.com/restaurant/32891282,423,4.09,8
9576,이차돌,응암1동,1138058000,응암1동%20이차돌,https://m.place.naver.com/restaurant/1538115790,333,4.33,158
9577,탐나종합어시장,응암1동,1138058000,응암1동%20탐나종합어시장,https://m.place.naver.com/restaurant/1336463967,"1,344",4.28,67
9578,스시온도,응암1동,1138058000,응암1동%20스시온도,https://m.place.naver.com/restaurant/1696006795,"1,852",4.82,367
9580,호주방,응암1동,1138058000,응암1동%20호주방,https://m.place.naver.com/restaurant/1262854208,85,4.88,69
9582,그루스터디카페,응암1동,1138058000,응암1동%20그루스터디카페,https://m.place.naver.com/restaurant/1980358607,null,null,null
9583,마산아구찜,응암1동,1138058000,응암1동%20마산아구찜,https://m.place.naver.com/restaurant/36666506,403,4.4,263
9585,양촌리,응암1동,1138058000,응암1동%20양촌리,https://m.place.naver.com/restaurant/20135167,null,null,null
9586,히사시돈부리,응암1동,1138058000,응암1동%20히사시돈부리,https://m.place.naver.com/restaurant/1218552333,326,4.64,89
9588,종로떡집,응암1동,1138058000,응암1동%20종로떡집,https://m.place.naver.com/restaurant/18113576,940,4.4,5
9589,흥부왕족발,응암1동,1138058000,응암1동%20흥부왕족발,https://m.place.naver.com/restaurant/12066384,95,4.49,11
9590,노량진횟집,응암1동,1138058000,응암1동%20노량진횟집,https://m.place.naver.com/restaurant/32193989,567,4.35,68
9592,여섯줄,응암1동,1138058000,응암1동%20여섯줄,https://m.place.naver.com/restaurant/37002240,null,null,null
9593,빠삭튀김,응암1동,1138058000,응암1동%20빠삭튀김,https://m.place.naver.com/restaurant/37992354,741,4.19,26
9594,써브웨이응암점,응암1동,1138058000,응암1동%20써브웨이응암점,https://m.place.naver.com/restaurant/339839086,"1,848",4.32,42
9596,92닭숯불바베큐,응암1동,1138058000,응암1동%2092닭숯불바베큐,https://m.place.naver.com/restaurant/1692322091,292,4.3,9
9597,친구,응암1동,1138058000,응암1동%20친구,https://m.place.naver.com/restaurant/20941450,null,null,null
9598,시스템,응암1동,1138058000,응암1동%20시스템,https://m.place.naver.com/restaurant/859084773,null,null,null
9599,카페,응암1동,1138058000,응암1동%20카페,https://m.place.naver.com/restaurant/1907911493,802,4.48,408
9600,와인드,응암1동,1138058000,응암1동%20와인드,https://m.place.naver.com/restaurant/1576541324,267,4.46,156
9601,카페인,응암1동,1138058000,응암1동%20카페인,https://m.place.naver.com/restaurant/1120903581,19,5,2
9602,황금떡방,응암1동,1138058000,응암1동%20황금떡방,https://m.place.naver.com/restaurant/20872661,525,4.23,3
9604,맛닭꼬,응암1동,1138058000,응암1동%20맛닭꼬,https://m.place.naver.com/restaurant/1403319338,327,4.3,30
9605,안가,응암1동,1138058000,응암1동%20안가,https://m.place.naver.com/restaurant/1080241063,529,4.34,13
9607,짱드럼통,응암1동,1138058000,응암1동%20짱드럼통,https://m.place.naver.com/restaurant/1826620925,218,4.54,39
9608,슬램덩크,응암1동,1138058000,응암1동%20슬램덩크,https://m.place.naver.com/restaurant/1608166053,21,4.19,9
9609,카페숲,응암1동,1138058000,응암1동%20카페숲,https://m.place.naver.com/restaurant/1157193175,18,4.75,9
9610,나눌베이커리,응암1동,1138058000,응암1동%20나눌베이커리,https://m.place.naver.com/restaurant/1633127027,null,null,null
9611,맥도날드,응암1동,1138058000,응암1동%20맥도날드,https://m.place.naver.com/restaurant/36702935,"3,663",4.31,37
9614,커피에반하다,응암1동,1138058000,응암1동%20커피에반하다,https://m.place.naver.com/restaurant/1371077648,null,null,null
9615,지베르니정원,응암1동,1138058000,응암1동%20지베르니정원,https://m.place.naver.com/restaurant/1595457770,null,null,null
9616,옥토끼제면소,응암1동,1138058000,응암1동%20옥토끼제면소,https://m.place.naver.com/restaurant/1647364324,null,null,null
9617,응일생고기,응암1동,1138058000,응암1동%20응일생고기,https://m.place.naver.com/restaurant/35581338,123,4.15,3
9620,카페,응암1동,1138058000,응암1동%20카페,https://m.place.naver.com/restaurant/1907911493,802,4.48,408
9622,노래하는포장마차,응암1동,1138058000,응암1동%20노래하는포장마차,https://m.place.naver.com/restaurant/1118647235,null,null,null
9625,한맥,응암1동,1138058000,응암1동%20한맥,https://m.place.naver.com/restaurant/20830251,null,null,null
9626,이삭토스트,응암1동,1138058000,응암1동%20이삭토스트,https://m.place.naver.com/restaurant/38563744,"1,651",4.49,27
9627,옛날통닭,응암1동,1138058000,응암1동%20옛날통닭,https://m.place.naver.com/restaurant/1165450858,127,4.53,2
9629,스테이보드게임카페,조원동,1162072500,조원동%20스테이보드게임카페,https://m.place.naver.com/restaurant/36513605,14,4.38,23
9631,정읍식당,조원동,1162072500,조원동%20정읍식당,https://m.place.naver.com/restaurant/1689140367,null,null,null
9632,노가리호프,조원동,1162072500,조원동%20노가리호프,https://m.place.naver.com/restaurant/415495251,85,4.43,30
9633,전주식당,조원동,1162072500,조원동%20전주식당,https://m.place.naver.com/restaurant/20879876,402,4.33,181
9634,별밤,조원동,1162072500,조원동%20별밤,https://m.place.naver.com/restaurant/1749020271,61,4.55,11
9637,청춘포차,조원동,1162072500,조원동%20청춘포차,https://m.place.naver.com/restaurant/37992646,69,4.63,42
9639,별밤,조원동,1162072500,조원동%20별밤,https://m.place.naver.com/restaurant/1749020271,61,4.55,11
9642,유정,조원동,1162072500,조원동%20유정,https://m.place.naver.com/restaurant/1126710942,null,null,null
9643,최씨고씨김밥,조원동,1162072500,조원동%20최씨고씨김밥,https://m.place.naver.com/restaurant/36739778,104,4.54,23
9644,그냥삼겹살집이나할걸그랬다,조원동,1162072500,조원동%20그냥삼겹살집이나할걸그랬다,https://m.place.naver.com/restaurant/38676522,128,4.31,110
9645,종로곱창,조원동,1162072500,조원동%20종로곱창,https://m.place.naver.com/restaurant/38276223,193,4.41,302
9646,숯먹은생고기촌,조원동,1162072500,조원동%20숯먹은생고기촌,https://m.place.naver.com/restaurant/384625460,null,null,null
9647,승주호프,조원동,1162072500,조원동%20승주호프,https://m.place.naver.com/restaurant/256546210,null,null,null
9648,남서울커피,조원동,1162072500,조원동%20남서울커피,https://m.place.naver.com/restaurant/1864986747,55,4.75,5
9649,찬스,조원동,1162072500,조원동%20찬스,https://m.place.naver.com/restaurant/1369556590,null,null,null
9650,이모네돌곱창,조원동,1162072500,조원동%20이모네돌곱창,https://m.place.naver.com/restaurant/36519897,107,4.17,92
9651,진미정,조원동,1162072500,조원동%20진미정,https://m.place.naver.com/restaurant/18208060,117,4.31,8
9654,고기싸롱,조원동,1162072500,조원동%20고기싸롱,https://m.place.naver.com/restaurant/1263794234,null,null,null
9656,북경중국요리,조원동,1162072500,조원동%20북경중국요리,https://m.place.naver.com/restaurant/35297434,344,4.26,13
9657,순천순대,조원동,1162072500,조원동%20순천순대,https://m.place.naver.com/restaurant/1532557949,385,4.45,79
9658,개나리아구찜,조원동,1162072500,조원동%20개나리아구찜,https://m.place.naver.com/restaurant/1043104896,23,4.45,11
9659,바지락칼국수,조원동,1162072500,조원동%20바지락칼국수,https://m.place.naver.com/restaurant/19735826,"1,553",4.36,219
9660,구로곱창,조원동,1162072500,조원동%20구로곱창,https://m.place.naver.com/restaurant/38332195,757,4.28,270
9662,25시해장국,조원동,1162072500,조원동%2025시해장국,https://m.place.naver.com/restaurant/20830678,111,4,14
9663,낙원양꼬치,조원동,1162072500,조원동%20낙원양꼬치,https://m.place.naver.com/restaurant/36516692,410,4.45,333
9666,물찬조개,조원동,1162072500,조원동%20물찬조개,https://m.place.naver.com/restaurant/37350438,410,4.54,223
9669,콘서트,조원동,1162072500,조원동%20콘서트,https://m.place.naver.com/restaurant/1361733960,null,null,null
9670,참숯초벌고기집,조원동,1162072500,조원동%20참숯초벌고기집,https://m.place.naver.com/restaurant/395806452,128,4.08,29
9671,카페,조원동,1162072500,조원동%20카페,https://m.place.naver.com/restaurant/1364105775,null,null,null
9672,이디야커피,조원동,1162072500,조원동%20이디야커피,https://m.place.naver.com/restaurant/1005767607,804,4.59,8
9675,감쪽같이,조원동,1162072500,조원동%20감쪽같이,https://m.place.naver.com/restaurant/1083084132,107,4.39,13
9678,아마존,조원동,1162072500,조원동%20아마존,https://m.place.naver.com/restaurant/1979182612,null,null,null
9680,TheSun,조원동,1162072500,조원동%20TheSun,https://m.place.naver.com/restaurant/1408097524,null,null,null
9682,아구사냥,조원동,1162072500,조원동%20아구사냥,https://m.place.naver.com/restaurant/1260202338,75,4.17,3
9684,명,조원동,1162072500,조원동%20명,https://m.place.naver.com/restaurant/37974961,null,null,null
9685,우리마을셰프,조원동,1162072500,조원동%20우리마을셰프,https://m.place.naver.com/restaurant/1099601903,10,4.55,3
9686,수산대첩,조원동,1162072500,조원동%20수산대첩,https://m.place.naver.com/restaurant/1263533942,null,null,null
9687,독도참치구로공단점,조원동,1162072500,조원동%20독도참치구로공단점,https://m.place.naver.com/restaurant/1366658227,49,4.69,17
9688,명가나주곰탕평양냉면,조원동,1162072500,조원동%20명가나주곰탕평양냉면,https://m.place.naver.com/restaurant/223520019,162,4.23,12
9691,초롱이볶은곡식식당,조원동,1162072500,조원동%20초롱이볶은곡식식당,https://m.place.naver.com/restaurant/1212664183,null,null,null
9692,유정노래광장,조원동,1162072500,조원동%20유정노래광장,https://m.place.naver.com/restaurant/1436514500,null,null,null
9694,황금족발,조원동,1162072500,조원동%20황금족발,https://m.place.naver.com/restaurant/37383708,82,4.53,15
9697,조선옥,조원동,1162072500,조원동%20조선옥,https://m.place.naver.com/restaurant/20936902,null,null,null
9699,조원순대국,조원동,1162072500,조원동%20조원순대국,https://m.place.naver.com/restaurant/1426984395,132,4.49,4
9700,친한친구,조원동,1162072500,조원동%20친한친구,https://m.place.naver.com/restaurant/1581598586,null,null,null
9701,민철이네푸드,조원동,1162072500,조원동%20민철이네푸드,https://m.place.naver.com/restaurant/1187065680,null,null,null
9702,신림동만두찐빵,조원동,1162072500,조원동%20신림동만두찐빵,https://m.place.naver.com/restaurant/38003382,285,4.46,34
9703,다정식당,조원동,1162072500,조원동%20다정식당,https://m.place.naver.com/restaurant/31403377,null,null,null
9704,한양칼국수닭갈비,조원동,1162072500,조원동%20한양칼국수닭갈비,https://m.place.naver.com/restaurant/1548558089,74,4.43,11
9705,엔제리너스,조원동,1162072500,조원동%20엔제리너스,https://m.place.naver.com/restaurant/12785924,"2,337",4.32,96
9707,정가네닭,조원동,1162072500,조원동%20정가네닭,https://m.place.naver.com/restaurant/1560147360,null,null,null
9708,처음처럼,조원동,1162072500,조원동%20처음처럼,https://m.place.naver.com/restaurant/1885418426,null,null,null
9709,봉천명태,청룡동,1162059500,청룡동%20봉천명태,https://m.place.naver.com/restaurant/1346381573,null,null,null
9710,동해세꼬시,청룡동,1162059500,청룡동%20동해세꼬시,https://m.place.naver.com/restaurant/35559631,57,4.26,88
9711,산야로전주콩나물국밥,청룡동,1162059500,청룡동%20산야로전주콩나물국밥,https://m.place.naver.com/restaurant/11727170,null,null,null
9715,청춘포차,청룡동,1162059500,청룡동%20청춘포차,https://m.place.naver.com/restaurant/37992646,69,4.63,42
9716,등마루,청룡동,1162059500,청룡동%20등마루,https://m.place.naver.com/restaurant/1105131900,null,null,null
9717,주주노래바,청룡동,1162059500,청룡동%20주주노래바,https://m.place.naver.com/restaurant/38513752,null,null,null
9718,스타벅스,청룡동,1162059500,청룡동%20스타벅스,https://m.place.naver.com/restaurant/1940486530,null,null,null
9719,수미분식,청룡동,1162059500,청룡동%20수미분식,https://m.place.naver.com/restaurant/18708322,null,null,null
9721,알렉스플레이스,청룡동,1162059500,청룡동%20알렉스플레이스,https://m.place.naver.com/restaurant/745520088,135,4.67,14
9722,탐앤탐스서울대입구점,청룡동,1162059500,청룡동%20탐앤탐스서울대입구점,https://m.place.naver.com/restaurant/33839773,"2,475",4.37,152
9723,모아7080라이브,청룡동,1162059500,청룡동%20모아7080라이브,https://m.place.naver.com/restaurant/573141598,null,null,null
10619,아구랑꽃게랑,장충동,1114058000,장충동%20아구랑꽃게랑,https://m.place.naver.com/restaurant/13154986,153,4.29,15
10620,지혜,장충동,1114058000,장충동%20지혜,https://m.place.naver.com/restaurant/18697767,null,null,null
10622,문바,장충동,1114058000,장충동%20문바,https://m.place.naver.com/restaurant/37775836,422,4.46,135
10623,라콘티넨탈,장충동,1114058000,장충동%20라콘티넨탈,https://m.place.naver.com/restaurant/11714509,433,4.74,555
10625,달콤,장충동,1114058000,장충동%20달콤,https://m.place.naver.com/restaurant/38752714,"1,038",4.33,49
10628,라연,장충동,1114058000,장충동%20라연,https://m.place.naver.com/restaurant/37402189,481,4.64,602
10629,탐앤탐스,장충동,1114058000,장충동%20탐앤탐스,https://m.place.naver.com/restaurant/1183473423,null,null,null
10630,더파크뷰,장충동,1114058000,장충동%20더파크뷰,https://m.place.naver.com/restaurant/13166754,"1,765",4.55,"3,775"
10631,씨제이프레시웨이,장충동,1114058000,장충동%20씨제이프레시웨이,https://m.place.naver.com/restaurant/1651752560,null,null,null
10632,BHC치킨,장충동,1114058000,장충동%20BHC치킨,https://m.place.naver.com/restaurant/37663253,840,4.35,20
10633,메르씨,장충동,1114058000,장충동%20메르씨,https://m.place.naver.com/restaurant/1589915551,null,null,null
10636,제이부스,장충동,1114058000,장충동%20제이부스,https://m.place.naver.com/restaurant/1257107652,null,null,null
10637,모두스테이블,장충동,1114058000,장충동%20모두스테이블,https://m.place.naver.com/restaurant/1028722219,146,4.49,96
10638,에프엠서플라이,장충동,1114058000,장충동%20에프엠서플라이,https://m.place.naver.com/restaurant/1139358980,null,null,null
10641,느티나무집,장충동,1114058000,장충동%20느티나무집,https://m.place.naver.com/restaurant/18054962,105,4.49,18
10642,서울다이닝,장충동,1114058000,장충동%20서울다이닝,https://m.place.naver.com/restaurant/38643367,347,4.59,465
10643,송원,장충동,1114058000,장충동%20송원,https://m.place.naver.com/restaurant/11727395,408,4.29,131
10645,몽상클레르,장충동,1114058000,장충동%20몽상클레르,https://m.place.naver.com/restaurant/36263037,190,4.43,190
10646,육전마당,장충동,1114058000,장충동%20육전마당,https://m.place.naver.com/restaurant/38276078,216,4.39,22
10648,제이카페,장충동,1114058000,장충동%20제이카페,https://m.place.naver.com/restaurant/1729327002,null,null,null
10650,투마리치킨,장충동,1114058000,장충동%20투마리치킨,https://m.place.naver.com/restaurant/31111422,91,4.22,1
10653,장충전복,장충동,1114058000,장충동%20장충전복,https://m.place.naver.com/restaurant/1959827275,33,4.71,9
10655,보나비아티제,장충동,1114058000,장충동%20보나비아티제,https://m.place.naver.com/restaurant/13065868,669,4.45,22
10656,로비라운지,장충동,1114058000,장충동%20로비라운지,https://m.place.naver.com/restaurant/37336922,"1,796",4.43,707
10657,김밥까페,장충동,1114058000,장충동%20김밥까페,https://m.place.naver.com/restaurant/1792163901,79,4.96,12
10658,한와담가든,장충동,1114058000,장충동%20한와담가든,https://m.place.naver.com/restaurant/1683808602,431,4.4,117
10659,2.5닭갈비,장충동,1114058000,장충동%202.5닭갈비,https://m.place.naver.com/restaurant/37556077,463,4.58,102
10661,카페7그램,장충동,1114058000,장충동%20카페7그램,https://m.place.naver.com/restaurant/38276394,293,4.33,10
10662,혜화카페,장충동,1114058000,장충동%20혜화카페,https://m.place.naver.com/restaurant/1421216417,861,4.33,6
10663,파리바게뜨장충점,장충동,1114058000,장충동%20파리바게뜨장충점,https://m.place.naver.com/restaurant/11690104,852,4.32,5
10664,장충쭈꾸미&양푼김치탕,장충동,1114058000,장충동%20장충쭈꾸미&양푼김치탕,https://m.place.naver.com/restaurant/31087747,522,4.39,51
10665,파리바케트,장충동,1114058000,장충동%20파리바케트,https://m.place.naver.com/restaurant/11690104,852,4.32,5
10666,어필,장충동,1114058000,장충동%20어필,https://m.place.naver.com/restaurant/1311479330,null,null,null
10667,차돌집,장충동,1114058000,장충동%20차돌집,https://m.place.naver.com/restaurant/38276603,331,4.5,60
10668,원조평남할머니족발,장충동,1114058000,장충동%20원조평남할머니족발,https://m.place.naver.com/restaurant/33510647,303,4.36,29
10670,배스킨라빈스31,등촌1동,1150052000,등촌1동%20배스킨라빈스31,https://m.place.naver.com/restaurant/36237326,"3,343",4.44,40
10671,등촌칼국수,등촌1동,1150052000,등촌1동%20등촌칼국수,https://m.place.naver.com/restaurant/33253863,844,4.53,253
10672,"커피,한송이",등촌1동,1150052000,"등촌1동%20커피,한송이",https://m.place.naver.com/restaurant/1066797653,161,4.72,55
10676,띠아모커피강서구청사거리점,등촌1동,1150052000,등촌1동%20띠아모커피강서구청사거리점,https://m.place.naver.com/restaurant/37824929,33,4.28,3
10677,석류,등촌1동,1150052000,등촌1동%20석류,https://m.place.naver.com/restaurant/1254331405,169,4.58,9
10678,베리굿실내포차,등촌1동,1150052000,등촌1동%20베리굿실내포차,https://m.place.naver.com/restaurant/1734461983,43,4.26,4
10679,오복순대국,등촌1동,1150052000,등촌1동%20오복순대국,https://m.place.naver.com/restaurant/1469917325,568,4.31,50
10680,맛있는시간,등촌1동,1150052000,등촌1동%20맛있는시간,https://m.place.naver.com/restaurant/30968738,180,4.42,40
10681,더플롯커피,등촌1동,1150052000,등촌1동%20더플롯커피,https://m.place.naver.com/restaurant/36282867,494,4.57,132
10682,신전떡볶이,등촌1동,1150052000,등촌1동%20신전떡볶이,https://m.place.naver.com/restaurant/333297465,"1,002",4.41,47
10683,설빙,등촌1동,1150052000,등촌1동%20설빙,https://m.place.naver.com/restaurant/35489097,"2,078",4.43,127
10684,왕십리연탄구이곱창,등촌1동,1150052000,등촌1동%20왕십리연탄구이곱창,https://m.place.naver.com/restaurant/33496315,412,4.54,111
10685,쥬씨증미역점,등촌1동,1150052000,등촌1동%20쥬씨증미역점,https://m.place.naver.com/restaurant/38321925,939,4.38,7
10686,김가네,등촌1동,1150052000,등촌1동%20김가네,https://m.place.naver.com/restaurant/1969618832,939,4.13,7
10687,신의주순대와쭈꾸미,등촌1동,1150052000,등촌1동%20신의주순대와쭈꾸미,https://m.place.naver.com/restaurant/13151068,699,4.29,71
10688,라떼엔퐁당,등촌1동,1150052000,등촌1동%20라떼엔퐁당,https://m.place.naver.com/restaurant/37165484,41,4.5,8
10690,콩볶는고양이똥,등촌1동,1150052000,등촌1동%20콩볶는고양이똥,https://m.place.naver.com/restaurant/19748262,null,null,null
10693,타임유스터디카페,등촌1동,1150052000,등촌1동%20타임유스터디카페,https://m.place.naver.com/restaurant/1499070125,28,4.64,2
10694,치킨마루,등촌1동,1150052000,등촌1동%20치킨마루,https://m.place.naver.com/restaurant/18380054,235,4.47,6
10695,피자알볼로,등촌1동,1150052000,등촌1동%20피자알볼로,https://m.place.naver.com/restaurant/33827852,"1,136",4.47,71
10696,서울미트볼,등촌1동,1150052000,등촌1동%20서울미트볼,https://m.place.naver.com/restaurant/1913482929,893,4.45,263
10697,24시무인셀프카페,등촌1동,1150052000,등촌1동%2024시무인셀프카페,https://m.place.naver.com/restaurant/1548817914,null,null,null
10698,백채김치찌개,등촌1동,1150052000,등촌1동%20백채김치찌개,https://m.place.naver.com/restaurant/1519954710,217,4.21,44
10699,킹콩부대찌개등촌점,등촌1동,1150052000,등촌1동%20킹콩부대찌개등촌점,https://m.place.naver.com/restaurant/31977989,361,4.17,40
10700,엘솔레베이커리,등촌1동,1150052000,등촌1동%20엘솔레베이커리,https://m.place.naver.com/restaurant/36828452,282,4.44,7
10701,황제소갈비살,등촌1동,1150052000,등촌1동%20황제소갈비살,https://m.place.naver.com/restaurant/1773691658,"1,028",4.4,222
10703,다래정연탄불생고기,등촌1동,1150052000,등촌1동%20다래정연탄불생고기,https://m.place.naver.com/restaurant/37542092,341,4.55,179
10704,제주김치오겹앤쭈꾸미,등촌1동,1150052000,등촌1동%20제주김치오겹앤쭈꾸미,https://m.place.naver.com/restaurant/18926796,34,5,4
10706,포퀸스,등촌1동,1150052000,등촌1동%20포퀸스,https://m.place.naver.com/restaurant/1700428242,70,4.5,30
10708,정씨네김밥인,등촌1동,1150052000,등촌1동%20정씨네김밥인,https://m.place.naver.com/restaurant/34694148,"1,197",4.45,42
10709,맥도날드,등촌1동,1150052000,등촌1동%20맥도날드,https://m.place.naver.com/restaurant/34353283,"11,040",4.41,155
10710,히야식당,등촌1동,1150052000,등촌1동%20히야식당,https://m.place.naver.com/restaurant/1810518601,97,4.35,12
10712,카페레오,등촌1동,1150052000,등촌1동%20카페레오,https://m.place.naver.com/restaurant/1060418375,55,4.45,2
10716,본죽&비빔밥CAFE,등촌1동,1150052000,등촌1동%20본죽&비빔밥CAFE,https://m.place.naver.com/restaurant/37801334,761,4.33,19
10717,라향각마라탕,등촌1동,1150052000,등촌1동%20라향각마라탕,https://m.place.naver.com/restaurant/1028091510,614,4.4,127
10719,오복집,등촌1동,1150052000,등촌1동%20오복집,https://m.place.naver.com/restaurant/20883046,302,4.48,72
10720,청년다방,등촌1동,1150052000,등촌1동%20청년다방,https://m.place.naver.com/restaurant/1146322199,null,null,null
10721,여기가면,등촌1동,1150052000,등촌1동%20여기가면,https://m.place.naver.com/restaurant/1976036898,148,4.47,15
10724,서울맥주1977등촌점,등촌1동,1150052000,등촌1동%20서울맥주1977등촌점,https://m.place.naver.com/restaurant/38281647,73,4.36,26
10725,고푸드,등촌1동,1150052000,등촌1동%20고푸드,https://m.place.naver.com/restaurant/1237124517,273,4.24,25
10726,청기와감자탕,등촌1동,1150052000,등촌1동%20청기와감자탕,https://m.place.naver.com/restaurant/332640287,666,4.25,49
10727,골목집,등촌1동,1150052000,등촌1동%20골목집,https://m.place.naver.com/restaurant/37362034,125,4.69,38
10728,콩볶는다락,등촌1동,1150052000,등촌1동%20콩볶는다락,https://m.place.naver.com/restaurant/1604996088,208,4.61,6
10729,강서명동전가,등촌1동,1150052000,등촌1동%20강서명동전가,https://m.place.naver.com/restaurant/1646271122,618,4.22,10
10730,미전옥,등촌1동,1150052000,등촌1동%20미전옥,https://m.place.naver.com/restaurant/1905305036,292,4.58,140
10731,엉터리생고기,등촌1동,1150052000,등촌1동%20엉터리생고기,https://m.place.naver.com/restaurant/18382732,471,4.35,70
10732,브이커피,등촌1동,1150052000,등촌1동%20브이커피,https://m.place.naver.com/restaurant/1336195221,null,null,null
10733,라루라루,등촌1동,1150052000,등촌1동%20라루라루,https://m.place.naver.com/restaurant/1387870501,127,4.47,6
10734,쥬씨가양대교점,등촌1동,1150052000,등촌1동%20쥬씨가양대교점,https://m.place.naver.com/restaurant/113837217,175,4.25,6
10735,등촌정육식당,등촌1동,1150052000,등촌1동%20등촌정육식당,https://m.place.naver.com/restaurant/758578781,"1,030",4.36,87
10741,탐나종합어시장,등촌1동,1150052000,등촌1동%20탐나종합어시장,https://m.place.naver.com/restaurant/1810151501,"1,052",4.22,47
10742,무제,등촌1동,1150052000,등촌1동%20무제,https://m.place.naver.com/restaurant/1285489402,null,null,null
10744,CGV등촌매점,등촌1동,1150052000,등촌1동%20CGV등촌매점,https://m.place.naver.com/restaurant/1212377569,null,null,null
10745,커피101스트릿,등촌1동,1150052000,등촌1동%20커피101스트릿,https://m.place.naver.com/restaurant/1558239102,219,4.36,18
10746,카페,등촌1동,1150052000,등촌1동%20카페,https://m.place.naver.com/restaurant/19748262,null,null,null
10747,광화문살롱,등촌1동,1150052000,등촌1동%20광화문살롱,https://m.place.naver.com/restaurant/1286547065,"2,721",4.44,359
10748,자담치킨,등촌1동,1150052000,등촌1동%20자담치킨,https://m.place.naver.com/restaurant/1570721958,578,4.51,16
10749,진미추어탕,창2동,1132051200,창2동%20진미추어탕,https://m.place.naver.com/restaurant/18628823,null,null,null
10752,무안홍탁,창2동,1132051200,창2동%20무안홍탁,https://m.place.naver.com/restaurant/20827773,null,null,null
10753,THEBOTTLEPLACE,창2동,1132051200,창2동%20THEBOTTLEPLACE,https://m.place.naver.com/restaurant/1978194187,null,null,null
10756,바다회수산,창2동,1132051200,창2동%20바다회수산,https://m.place.naver.com/restaurant/17946054,39,4.68,2
10757,짱분식,창2동,1132051200,창2동%20짱분식,https://m.place.naver.com/restaurant/35788155,null,null,null
10758,남원골감자탕,창2동,1132051200,창2동%20남원골감자탕,https://m.place.naver.com/restaurant/20847002,null,null,null
10763,맛나당,창2동,1132051200,창2동%20맛나당,https://m.place.naver.com/restaurant/33684698,508,4.29,11
10766,미라수,창2동,1132051200,창2동%20미라수,https://m.place.naver.com/restaurant/1115317733,null,null,null
10767,8800켄터키치킨,창2동,1132051200,창2동%208800켄터키치킨,https://m.place.naver.com/restaurant/1431900236,384,4.42,16
10768,미락식당,창2동,1132051200,창2동%20미락식당,https://m.place.naver.com/restaurant/36004536,63,4.4,2
10769,스마일닭강정,창2동,1132051200,창2동%20스마일닭강정,https://m.place.naver.com/restaurant/1735462490,null,null,null
10770,누나홀닭,창2동,1132051200,창2동%20누나홀닭,https://m.place.naver.com/restaurant/34945331,528,4.27,55
10771,휴인,창2동,1132051200,창2동%20휴인,https://m.place.naver.com/restaurant/1901260859,45,4.17,6
10773,유나네후다닭통닭,창2동,1132051200,창2동%20유나네후다닭통닭,https://m.place.naver.com/restaurant/1926727546,254,4.25,3
10777,쿠리야,창2동,1132051200,창2동%20쿠리야,https://m.place.naver.com/restaurant/912562608,46,4.41,29
10779,전통남원추어탕,창2동,1132051200,창2동%20전통남원추어탕,https://m.place.naver.com/restaurant/18630085,null,null,null
10782,처갓집양념치킨,창2동,1132051200,창2동%20처갓집양념치킨,https://m.place.naver.com/restaurant/11782788,132,4.32,3
10783,153컵밥,창2동,1132051200,창2동%20153컵밥,https://m.place.naver.com/restaurant/1986315036,238,4.52,4
10784,맛나당왕만두,창2동,1132051200,창2동%20맛나당왕만두,https://m.place.naver.com/restaurant/33684698,508,4.29,11
10785,일성식당,창2동,1132051200,창2동%20일성식당,https://m.place.naver.com/restaurant/35575579,461,4.27,2
10786,바른치킨,창2동,1132051200,창2동%20바른치킨,https://m.place.naver.com/restaurant/37749621,283,4.46,11
10788,수이아,창2동,1132051200,창2동%20수이아,https://m.place.naver.com/restaurant/1106781149,12,4.25,38
10789,테이크온미,창2동,1132051200,창2동%20테이크온미,https://m.place.naver.com/restaurant/31395587,45,4.57,2
10790,영동옛날통닭,창2동,1132051200,창2동%20영동옛날통닭,https://m.place.naver.com/restaurant/1719678116,null,null,null
10791,곱창김가네,창2동,1132051200,창2동%20곱창김가네,https://m.place.naver.com/restaurant/1863895098,68,4.32,10
10792,카페문,창2동,1132051200,창2동%20카페문,https://m.place.naver.com/restaurant/1137016289,60,4.38,6
10793,피자나라치킨공주,창2동,1132051200,창2동%20피자나라치킨공주,https://m.place.naver.com/restaurant/1836630254,null,null,null
10794,박리김밥,창2동,1132051200,창2동%20박리김밥,https://m.place.naver.com/restaurant/1659527451,"1,014",4.37,5
10796,창동조개일번지,창2동,1132051200,창2동%20창동조개일번지,https://m.place.naver.com/restaurant/1923094788,275,4.43,42
10797,명성칼국수,창2동,1132051200,창2동%20명성칼국수,https://m.place.naver.com/restaurant/1245808609,157,4.79,9
10799,베리베리굿,창2동,1132051200,창2동%20베리베리굿,https://m.place.naver.com/restaurant/1267865644,null,null,null
10800,헬로우파스타,창2동,1132051200,창2동%20헬로우파스타,https://m.place.naver.com/restaurant/37269066,null,null,null
10803,돼지천만마리,창2동,1132051200,창2동%20돼지천만마리,https://m.place.naver.com/restaurant/38514357,null,null,null
10804,민셰프,창2동,1132051200,창2동%20민셰프,https://m.place.naver.com/restaurant/1030612909,null,null,null
10806,최고의오리,창2동,1132051200,창2동%20최고의오리,https://m.place.naver.com/restaurant/1014309820,217,4.45,4
10808,공감호프치킨&골뱅이,창2동,1132051200,창2동%20공감호프치킨&골뱅이,https://m.place.naver.com/restaurant/1826834788,81,4.4,1
10810,도참치,창2동,1132051200,창2동%20도참치,https://m.place.naver.com/restaurant/1744392435,166,4.42,44
10812,진한족발,창2동,1132051200,창2동%20진한족발,https://m.place.naver.com/restaurant/20873985,null,null,null
10813,일미집,창2동,1132051200,창2동%20일미집,https://m.place.naver.com/restaurant/1153306002,null,null,null
10815,청어랑,창2동,1132051200,창2동%20청어랑,https://m.place.naver.com/restaurant/1478375131,null,null,null
10816,내사랑호프,창2동,1132051200,창2동%20내사랑호프,https://m.place.naver.com/restaurant/1263944830,null,null,null
10817,모모,창2동,1132051200,창2동%20모모,https://m.place.naver.com/restaurant/1115917631,56,4.28,9
10818,갓치킨,창2동,1132051200,창2동%20갓치킨,https://m.place.naver.com/restaurant/1755369291,247,4.34,9
10819,송림순대집,창2동,1132051200,창2동%20송림순대집,https://m.place.naver.com/restaurant/18320617,133,4.28,8
10821,족돈&족참,창2동,1132051200,창2동%20족돈&족참,https://m.place.naver.com/restaurant/1123657239,631,4.32,75
10822,봄봄커피숍,창2동,1132051200,창2동%20봄봄커피숍,https://m.place.naver.com/restaurant/1441460438,null,null,null
10823,카페,창2동,1132051200,창2동%20카페,https://m.place.naver.com/restaurant/1287792550,"1,197",4.41,731
10824,신창시장족발,창2동,1132051200,창2동%20신창시장족발,https://m.place.naver.com/restaurant/33292765,464,4.42,7
10825,해밀,창2동,1132051200,창2동%20해밀,https://m.place.naver.com/restaurant/1235669927,195,4.29,2
10826,뚜껑집부대찌개,창2동,1132051200,창2동%20뚜껑집부대찌개,https://m.place.naver.com/restaurant/1098644661,null,null,null
10827,88옛날통닭,창2동,1132051200,창2동%2088옛날통닭,https://m.place.naver.com/restaurant/1442409281,361,4.24,7
10828,꽃돼지,창2동,1132051200,창2동%20꽃돼지,https://m.place.naver.com/restaurant/1314174801,115,4.45,111
10830,온양식당,당산1동,1156055000,당산1동%20온양식당,https://m.place.naver.com/restaurant/30886700,null,null,null
10831,초록바다,당산1동,1156055000,당산1동%20초록바다,https://m.place.naver.com/restaurant/30886809,null,null,null
10832,가화,당산1동,1156055000,당산1동%20가화,https://m.place.naver.com/restaurant/20717772,53,4.5,23
10834,수,당산1동,1156055000,당산1동%20수,https://m.place.naver.com/restaurant/1471655075,null,null,null
10835,이모네치킨호프,당산1동,1156055000,당산1동%20이모네치킨호프,https://m.place.naver.com/restaurant/18597212,38,4,3
10836,배스킨라빈스31영등포구청점,당산1동,1156055000,당산1동%20배스킨라빈스31영등포구청점,https://m.place.naver.com/restaurant/11782299,"2,016",4.48,16
10837,모로미쿠시,당산1동,1156055000,당산1동%20모로미쿠시,https://m.place.naver.com/restaurant/37259685,48,4.28,34
10838,굽네치킨,당산1동,1156055000,당산1동%20굽네치킨,https://m.place.naver.com/restaurant/1794051141,null,null,null
10841,커피디셈버,당산1동,1156055000,당산1동%20커피디셈버,https://m.place.naver.com/restaurant/38705374,197,4.47,17
10842,까치,당산1동,1156055000,당산1동%20까치,https://m.place.naver.com/restaurant/1564120216,"1,256",4.26,23
10847,보까,당산1동,1156055000,당산1동%20보까,https://m.place.naver.com/restaurant/33211112,128,4.46,2
10849,파리바게뜨영등포구청점,당산1동,1156055000,당산1동%20파리바게뜨영등포구청점,https://m.place.naver.com/restaurant/11689994,"1,545",4.27,10
10850,고기명가,당산1동,1156055000,당산1동%20고기명가,https://m.place.naver.com/restaurant/1343067715,150,4.15,2
10851,카페베네영등포구청점,당산1동,1156055000,당산1동%20카페베네영등포구청점,https://m.place.naver.com/restaurant/21032270,900,4.3,15
10852,가마치통닭,당산1동,1156055000,당산1동%20가마치통닭,https://m.place.naver.com/restaurant/1210173257,311,4.41,4
10853,하노이별,당산1동,1156055000,당산1동%20하노이별,https://m.place.naver.com/restaurant/1730610938,583,4.49,85
10855,아지트,당산1동,1156055000,당산1동%20아지트,https://m.place.naver.com/restaurant/1673891882,null,null,null
10856,옥이네집밥,당산1동,1156055000,당산1동%20옥이네집밥,https://m.place.naver.com/restaurant/1699260939,94,4.2,2
10857,삼포가는길,당산1동,1156055000,당산1동%20삼포가는길,https://m.place.naver.com/restaurant/1879724383,486,4.36,18
10860,죽이야기,당산1동,1156055000,당산1동%20죽이야기,https://m.place.naver.com/restaurant/18600991,85,4.66,11
10861,황금회포차,당산1동,1156055000,당산1동%20황금회포차,https://m.place.naver.com/restaurant/1978187408,62,4.53,27
10862,서울반상,당산1동,1156055000,당산1동%20서울반상,https://m.place.naver.com/restaurant/1985876935,733,4.26,38
10863,오늘도구움,당산1동,1156055000,당산1동%20오늘도구움,https://m.place.naver.com/restaurant/1856903400,null,null,null
10865,로방,당산1동,1156055000,당산1동%20로방,https://m.place.naver.com/restaurant/1824947457,null,null,null
10866,코레일유통마성떡볶이,당산1동,1156055000,당산1동%20코레일유통마성떡볶이,https://m.place.naver.com/restaurant/1383311782,174,4.21,2
10867,스시우이,당산1동,1156055000,당산1동%20스시우이,https://m.place.naver.com/restaurant/1242516956,255,4.51,82
10868,파파존스피자,당산1동,1156055000,당산1동%20파파존스피자,https://m.place.naver.com/restaurant/1974815129,294,4.45,13
10869,국밥여행,당산1동,1156055000,당산1동%20국밥여행,https://m.place.naver.com/restaurant/1448077056,28,4.45,3
10870,피자샵,당산1동,1156055000,당산1동%20피자샵,https://m.place.naver.com/restaurant/419306302,294,4.4,18
10871,광명대창집,당산1동,1156055000,당산1동%20광명대창집,https://m.place.naver.com/restaurant/1168266697,607,4.63,222
10872,본죽영등포구청점,당산1동,1156055000,당산1동%20본죽영등포구청점,https://m.place.naver.com/restaurant/12987628,851,4.23,16
10873,카페분,당산1동,1156055000,당산1동%20카페분,https://m.place.naver.com/restaurant/1591814104,334,4.68,435
10875,삼통치킨영등포구청점,당산1동,1156055000,당산1동%20삼통치킨영등포구청점,https://m.place.naver.com/restaurant/21686560,450,4.37,59
10876,한양분식,당산1동,1156055000,당산1동%20한양분식,https://m.place.naver.com/restaurant/1430911577,79,4.48,1
10877,이서방칼국수,당산1동,1156055000,당산1동%20이서방칼국수,https://m.place.naver.com/restaurant/1149705661,109,4.1,1
10878,청정소갈비살,당산1동,1156055000,당산1동%20청정소갈비살,https://m.place.naver.com/restaurant/1043757686,168,4.33,111
10879,소림마라,당산1동,1156055000,당산1동%20소림마라,https://m.place.naver.com/restaurant/1724295601,180,4.57,18
10880,투썸플레이스,당산1동,1156055000,당산1동%20투썸플레이스,https://m.place.naver.com/restaurant/1896501804,231,4.66,13
10881,평창도토리매운칼국수,당산1동,1156055000,당산1동%20평창도토리매운칼국수,https://m.place.naver.com/restaurant/31422384,455,4.32,38
10886,육회한등갈비,당산1동,1156055000,당산1동%20육회한등갈비,https://m.place.naver.com/restaurant/37577914,190,4.22,56
10887,꼬치선생101,당산1동,1156055000,당산1동%20꼬치선생101,https://m.place.naver.com/restaurant/254793798,148,4.48,49
10888,오이삼계탕,당산1동,1156055000,당산1동%20오이삼계탕,https://m.place.naver.com/restaurant/37987437,459,4.29,21
10889,한우진곰탕,당산1동,1156055000,당산1동%20한우진곰탕,https://m.place.naver.com/restaurant/1570469413,278,4.14,32
10890,간이역,당산1동,1156055000,당산1동%20간이역,https://m.place.naver.com/restaurant/705817972,132,4.29,30
10891,종로할머니칼국수,당산1동,1156055000,당산1동%20종로할머니칼국수,https://m.place.naver.com/restaurant/1363431421,null,null,null
10893,카페,당산1동,1156055000,당산1동%20카페,https://m.place.naver.com/restaurant/1017456461,null,null,null
10894,죽이야기영등포구청점,당산1동,1156055000,당산1동%20죽이야기영등포구청점,https://m.place.naver.com/restaurant/18600991,85,4.66,11
10895,찜생찜사,당산1동,1156055000,당산1동%20찜생찜사,https://m.place.naver.com/restaurant/1487389006,188,4.34,66
10899,묘프,당산1동,1156055000,당산1동%20묘프,https://m.place.naver.com/restaurant/1617314529,160,4.73,157
10901,보현식당,당산1동,1156055000,당산1동%20보현식당,https://m.place.naver.com/restaurant/20628811,null,null,null
10904,열정,당산1동,1156055000,당산1동%20열정,https://m.place.naver.com/restaurant/1430258921,20,4.5,1
10905,블랙모티브,당산1동,1156055000,당산1동%20블랙모티브,https://m.place.naver.com/restaurant/792543435,50,4.41,2
10906,카페,당산1동,1156055000,당산1동%20카페,https://m.place.naver.com/restaurant/1017456461,null,null,null
10907,후라이드참잘하는집,당산1동,1156055000,당산1동%20후라이드참잘하는집,https://m.place.naver.com/restaurant/1529278171,235,4.48,31
10908,돈주는여자,당산1동,1156055000,당산1동%20돈주는여자,https://m.place.naver.com/restaurant/362769062,70,4.7,41
10910,신화식당,영등포동,1156053500,영등포동%20신화식당,https://m.place.naver.com/restaurant/18565597,113,4.26,2
10911,갈채,영등포동,1156053500,영등포동%20갈채,https://m.place.naver.com/restaurant/18559690,null,null,null
10912,유진참치회집,영등포동,1156053500,영등포동%20유진참치회집,https://m.place.naver.com/restaurant/33620755,101,4.31,10
10913,투투노래바,영등포동,1156053500,영등포동%20투투노래바,https://m.place.naver.com/restaurant/20820672,null,null,null
10914,페라리,영등포동,1156053500,영등포동%20페라리,https://m.place.naver.com/restaurant/20840122,null,null,null
10915,벤츠,영등포동,1156053500,영등포동%20벤츠,https://m.place.naver.com/restaurant/1021697160,null,null,null
10916,풍미정,영등포동,1156053500,영등포동%20풍미정,https://m.place.naver.com/restaurant/1146646674,null,null,null
10918,시장식당,영등포동,1156053500,영등포동%20시장식당,https://m.place.naver.com/restaurant/1297151082,118,4.27,7
10920,크로바분식,영등포동,1156053500,영등포동%20크로바분식,https://m.place.naver.com/restaurant/18560105,null,null,null
10922,포천이동갈비,영등포동,1156053500,영등포동%20포천이동갈비,https://m.place.naver.com/restaurant/18996575,274,4.26,23
11816,리얼파스타,목4동,1147054000,목4동%20리얼파스타,https://m.place.naver.com/restaurant/1912496730,515,4.47,100
11818,자연드림,목4동,1147054000,목4동%20자연드림,https://m.place.naver.com/restaurant/36444593,708,4.33,5
11819,장충한방족발,목4동,1147054000,목4동%20장충한방족발,https://m.place.naver.com/restaurant/1455456567,null,null,null
11820,초밥나라,목4동,1147054000,목4동%20초밥나라,https://m.place.naver.com/restaurant/37609060,349,4.71,11
11821,뚜레쥬르목4동점,목4동,1147054000,목4동%20뚜레쥬르목4동점,https://m.place.naver.com/restaurant/13403366,646,4.29,2
11822,친구야,목4동,1147054000,목4동%20친구야,https://m.place.naver.com/restaurant/20906989,null,null,null
11825,샵,목4동,1147054000,목4동%20샵,https://m.place.naver.com/restaurant/37370153,null,null,null
11826,오돌뼈앤닭발,목4동,1147054000,목4동%20오돌뼈앤닭발,https://m.place.naver.com/restaurant/37046113,81,4.49,7
11827,투스푼,목4동,1147054000,목4동%20투스푼,https://m.place.naver.com/restaurant/32520452,13,4.6,8
11828,그집,목4동,1147054000,목4동%20그집,https://m.place.naver.com/restaurant/1600680669,129,4.23,22
11830,커피에진심을담다,목4동,1147054000,목4동%20커피에진심을담다,https://m.place.naver.com/restaurant/1766554065,187,4.71,210
11831,빅스타피자,목4동,1147054000,목4동%20빅스타피자,https://m.place.naver.com/restaurant/1081010172,55,4.51,1
11832,목동생고기,목4동,1147054000,목4동%20목동생고기,https://m.place.naver.com/restaurant/12880672,520,4.34,110
11833,감탄떡볶이신목동점,목4동,1147054000,목4동%20감탄떡볶이신목동점,https://m.place.naver.com/restaurant/13578809,347,4.34,2
11838,누릉지통닭구이,목4동,1147054000,목4동%20누릉지통닭구이,https://m.place.naver.com/restaurant/37101367,209,4.5,49
11840,떡볶이샵,목4동,1147054000,목4동%20떡볶이샵,https://m.place.naver.com/restaurant/1434097022,326,4.64,9
11841,라,목4동,1147054000,목4동%20라,https://m.place.naver.com/restaurant/1107420743,null,null,null
11842,쥬씨강서고점,목4동,1147054000,목4동%20쥬씨강서고점,https://m.place.naver.com/restaurant/1167364462,382,4.31,1
11844,맑음,목4동,1147054000,목4동%20맑음,https://m.place.naver.com/restaurant/38459922,null,null,null
11845,후라이드참잘하는집,목4동,1147054000,목4동%20후라이드참잘하는집,https://m.place.naver.com/restaurant/37018404,280,4.44,45
11846,정광균의순수한빵생활,목4동,1147054000,목4동%20정광균의순수한빵생활,https://m.place.naver.com/restaurant/1802306588,217,4.4,36
11847,"cafe,미",목4동,1147054000,"목4동%20cafe,미",https://m.place.naver.com/restaurant/1990833871,null,null,null
11849,다코기,목4동,1147054000,목4동%20다코기,https://m.place.naver.com/restaurant/1110042569,227,4.27,8
11850,홍어마을,목4동,1147054000,목4동%20홍어마을,https://m.place.naver.com/restaurant/1190103402,14,4.67,1
11851,엄마밥상,목4동,1147054000,목4동%20엄마밥상,https://m.place.naver.com/restaurant/1323743847,64,3.96,2
11852,History,목4동,1147054000,목4동%20History,https://m.place.naver.com/restaurant/1854642782,117,4.51,3
11853,목동회수산,목4동,1147054000,목4동%20목동회수산,https://m.place.naver.com/restaurant/1738106662,131,4.34,15
11854,봉구비어,목4동,1147054000,목4동%20봉구비어,https://m.place.naver.com/restaurant/1480404811,null,null,null
11855,임꺽정김치찌개,목4동,1147054000,목4동%20임꺽정김치찌개,https://m.place.naver.com/restaurant/1860655700,152,4.3,6
11856,케이6송탄부대찌개,목4동,1147054000,목4동%20케이6송탄부대찌개,https://m.place.naver.com/restaurant/1097860274,291,4.16,14
11857,바다회집,목4동,1147054000,목4동%20바다회집,https://m.place.naver.com/restaurant/37578261,528,4.26,12
11858,빈s치킨,목4동,1147054000,목4동%20빈s치킨,https://m.place.naver.com/restaurant/1826473440,null,null,null
11859,맥주창고세계맥주,목4동,1147054000,목4동%20맥주창고세계맥주,https://m.place.naver.com/restaurant/1895026273,null,null,null
11860,종가시루떡집,목4동,1147054000,목4동%20종가시루떡집,https://m.place.naver.com/restaurant/20460136,null,null,null
11861,신목파리바게뜨,목4동,1147054000,목4동%20신목파리바게뜨,https://m.place.naver.com/restaurant/11785192,"1,220",4.11,2
11862,김떡순탕수육,목4동,1147054000,목4동%20김떡순탕수육,https://m.place.naver.com/restaurant/1432359968,212,4.26,4
11864,청정한우,목4동,1147054000,목4동%20청정한우,https://m.place.naver.com/restaurant/38509173,496,4.31,1
11866,꿀돼지생삼겹.막창,목4동,1147054000,목4동%20꿀돼지생삼겹.막창,https://m.place.naver.com/restaurant/1287731173,92,4.45,6
11868,투맨키친,목4동,1147054000,목4동%20투맨키친,https://m.place.naver.com/restaurant/1117988758,null,null,null
11869,백제스넥,석촌동,1171060000,석촌동%20백제스넥,https://m.place.naver.com/restaurant/1062717198,null,null,null
11870,호박떡집,석촌동,1171060000,석촌동%20호박떡집,https://m.place.naver.com/restaurant/21687494,275,4.4,1
11871,종로빈대떡,석촌동,1171060000,석촌동%20종로빈대떡,https://m.place.naver.com/restaurant/855433568,137,4.19,13
11872,쉴만한물가,석촌동,1171060000,석촌동%20쉴만한물가,https://m.place.naver.com/restaurant/1472140870,42,4.16,1
11875,발아메밀막국수,석촌동,1171060000,석촌동%20발아메밀막국수,https://m.place.naver.com/restaurant/36651958,null,null,null
11878,송파다방,석촌동,1171060000,석촌동%20송파다방,https://m.place.naver.com/restaurant/1722320502,734,4.52,7
11879,삼광호수갈비,석촌동,1171060000,석촌동%20삼광호수갈비,https://m.place.naver.com/restaurant/19589079,null,null,null
11880,제주은희네해장국,석촌동,1171060000,석촌동%20제주은희네해장국,https://m.place.naver.com/restaurant/1820428152,507,4.47,243
11882,퐁실케이크,석촌동,1171060000,석촌동%20퐁실케이크,https://m.place.naver.com/restaurant/1850448494,null,null,null
11883,한가로운오후,석촌동,1171060000,석촌동%20한가로운오후,https://m.place.naver.com/restaurant/37869647,null,null,null
11884,텍사스,석촌동,1171060000,석촌동%20텍사스,https://m.place.naver.com/restaurant/1615685619,null,null,null
11885,직구삼,석촌동,1171060000,석촌동%20직구삼,https://m.place.naver.com/restaurant/1321927400,48,5,1
11886,후레쉬푸드,석촌동,1171060000,석촌동%20후레쉬푸드,https://m.place.naver.com/restaurant/20633998,58,4.18,1
11887,새벽집,석촌동,1171060000,석촌동%20새벽집,https://m.place.naver.com/restaurant/19895705,80,4.26,7
11888,꼬쟁이,석촌동,1171060000,석촌동%20꼬쟁이,https://m.place.naver.com/restaurant/76190403,166,4.22,36
11891,BHC치킨,석촌동,1171060000,석촌동%20BHC치킨,https://m.place.naver.com/restaurant/13178434,436,4.27,33
11892,골든벨,석촌동,1171060000,석촌동%20골든벨,https://m.place.naver.com/restaurant/12837032,null,null,null
11893,초당순두부,석촌동,1171060000,석촌동%20초당순두부,https://m.place.naver.com/restaurant/18485681,60,4.44,18
11894,초당손두부,석촌동,1171060000,석촌동%20초당손두부,https://m.place.naver.com/restaurant/18485681,60,4.44,18
11895,성산포회,석촌동,1171060000,석촌동%20성산포회,https://m.place.naver.com/restaurant/1332651851,443,4.55,311
11897,출장온양꼬치,석촌동,1171060000,석촌동%20출장온양꼬치,https://m.place.naver.com/restaurant/35013329,59,4.7,22
11899,한솔김밥,석촌동,1171060000,석촌동%20한솔김밥,https://m.place.naver.com/restaurant/20917711,172,4.28,6
11900,도미노피자,석촌동,1171060000,석촌동%20도미노피자,https://m.place.naver.com/restaurant/31896092,503,4.5,35
11901,울엄마김밥,석촌동,1171060000,석촌동%20울엄마김밥,https://m.place.naver.com/restaurant/31729415,191,4.27,6
11903,예쁜카페,석촌동,1171060000,석촌동%20예쁜카페,https://m.place.naver.com/restaurant/1054392694,337,4.47,434
11905,내가잘가는삼겹살,석촌동,1171060000,석촌동%20내가잘가는삼겹살,https://m.place.naver.com/restaurant/520034665,88,4.3,36
11906,대가한식,석촌동,1171060000,석촌동%20대가한식,https://m.place.naver.com/restaurant/1729928301,90,4.38,3
11907,칸,석촌동,1171060000,석촌동%20칸,https://m.place.naver.com/restaurant/53647844,null,null,null
11910,송파식당,석촌동,1171060000,석촌동%20송파식당,https://m.place.naver.com/restaurant/19878369,102,4.01,130
11914,일신,석촌동,1171060000,석촌동%20일신,https://m.place.naver.com/restaurant/1321596188,null,null,null
11918,KFC석촌역점,석촌동,1171060000,석촌동%20KFC석촌역점,https://m.place.naver.com/restaurant/31316871,"3,018",4.29,77
11922,153포인츠,석촌동,1171060000,석촌동%20153포인츠,https://m.place.naver.com/restaurant/1620202402,173,4.28,148
11923,그리너,석촌동,1171060000,석촌동%20그리너,https://m.place.naver.com/restaurant/1381448031,null,null,null
11925,자성화코다리,석촌동,1171060000,석촌동%20자성화코다리,https://m.place.naver.com/restaurant/1227759629,291,4.29,18
11926,석촌아이스크림할인점,석촌동,1171060000,석촌동%20석촌아이스크림할인점,https://m.place.naver.com/restaurant/1282434739,null,null,null
11927,테이스티버거,석촌동,1171060000,석촌동%20테이스티버거,https://m.place.naver.com/restaurant/1222127286,809,4.36,317
11928,청와옥,석촌동,1171060000,석촌동%20청와옥,https://m.place.naver.com/restaurant/1062855533,"3,338",4.47,"1,012"
11931,비스티버거,석촌동,1171060000,석촌동%20비스티버거,https://m.place.naver.com/restaurant/1588324725,11,4.35,5
11932,엘엘엘커피,석촌동,1171060000,석촌동%20엘엘엘커피,https://m.place.naver.com/restaurant/1678573110,258,4.63,184
11933,콘서트,석촌동,1171060000,석촌동%20콘서트,https://m.place.naver.com/restaurant/36317197,null,null,null
11934,오후의파이,석촌동,1171060000,석촌동%20오후의파이,https://m.place.naver.com/restaurant/1828549173,147,4.81,129
11935,테이크어샤워,석촌동,1171060000,석촌동%20테이크어샤워,https://m.place.naver.com/restaurant/1054392694,337,4.47,434
11938,뉴월드양꼬치,석촌동,1171060000,석촌동%20뉴월드양꼬치,https://m.place.naver.com/restaurant/37414369,36,4.27,15
11939,후레쉬푸드,석촌동,1171060000,석촌동%20후레쉬푸드,https://m.place.naver.com/restaurant/20633998,58,4.18,1
11941,CRAZY,석촌동,1171060000,석촌동%20CRAZY,https://m.place.naver.com/restaurant/35992610,177,4.34,112
11942,33떡볶이,석촌동,1171060000,석촌동%2033떡볶이,https://m.place.naver.com/restaurant/1093054845,471,4.18,19
11943,세광양대창,석촌동,1171060000,석촌동%20세광양대창,https://m.place.naver.com/restaurant/1152979116,261,4.74,107
11944,두찜,석촌동,1171060000,석촌동%20두찜,https://m.place.naver.com/restaurant/1290856343,193,4.42,7
11947,마초야,석촌동,1171060000,석촌동%20마초야,https://m.place.naver.com/restaurant/1066163540,"1,366",4.58,489
11948,백순대본가새맛,석촌동,1171060000,석촌동%20백순대본가새맛,https://m.place.naver.com/restaurant/1159144566,73,4.71,5
11950,설기커피,중계4동,1135062400,중계4동%20설기커피,https://m.place.naver.com/restaurant/1804887264,103,4.28,6
11951,낙원떡집,중계4동,1135062400,중계4동%20낙원떡집,https://m.place.naver.com/restaurant/1785809710,null,null,null
11952,뚜레쥬르,중계4동,1135062400,중계4동%20뚜레쥬르,https://m.place.naver.com/restaurant/11759196,"2,982",4.25,5
11954,배스킨라빈스,중계4동,1135062400,중계4동%20배스킨라빈스,https://m.place.naver.com/restaurant/12971396,"2,155",4.33,26
11955,맘스터치,중계4동,1135062400,중계4동%20맘스터치,https://m.place.naver.com/restaurant/1220264527,"1,573",4.38,26
11956,달려라식당,중계4동,1135062400,중계4동%20달려라식당,https://m.place.naver.com/restaurant/1453990002,null,null,null
11958,마마,중계4동,1135062400,중계4동%20마마,https://m.place.naver.com/restaurant/36369691,260,4.57,14
11959,오븐쿡치킨,중계4동,1135062400,중계4동%20오븐쿡치킨,https://m.place.naver.com/restaurant/1594043095,null,null,null
11960,캠토,중계4동,1135062400,중계4동%20캠토,https://m.place.naver.com/restaurant/1199268291,166,4.09,1
11962,봉심이,중계4동,1135062400,중계4동%20봉심이,https://m.place.naver.com/restaurant/11663127,476,4.36,290
11963,쥬씨&차얌,중계4동,1135062400,중계4동%20쥬씨&차얌,https://m.place.naver.com/restaurant/38008771,655,4.41,2
11966,배스킨라빈스31,중계4동,1135062400,중계4동%20배스킨라빈스31,https://m.place.naver.com/restaurant/11489034,"2,229",4.33,23
11967,영수네만두,중계4동,1135062400,중계4동%20영수네만두,https://m.place.naver.com/restaurant/1436809878,"1,122",4.24,18
11968,사이공본가,중계4동,1135062400,중계4동%20사이공본가,https://m.place.naver.com/restaurant/1025910589,451,4.3,24
11969,춘삼월,중계4동,1135062400,중계4동%20춘삼월,https://m.place.naver.com/restaurant/1608340827,null,null,null
11970,또봉이통닭,중계4동,1135062400,중계4동%20또봉이통닭,https://m.place.naver.com/restaurant/36994849,434,4.31,5
11971,작심스터디카페,중계4동,1135062400,중계4동%20작심스터디카페,https://m.place.naver.com/restaurant/1656054419,84,4.5,6
11973,자연향,중계4동,1135062400,중계4동%20자연향,https://m.place.naver.com/restaurant/30810745,null,null,null
11974,죽변항,중계4동,1135062400,중계4동%20죽변항,https://m.place.naver.com/restaurant/1876627331,50,4.1,29
11975,청화반점,중계4동,1135062400,중계4동%20청화반점,https://m.place.naver.com/restaurant/18046248,47,4.19,1
11976,수유다래함박스텍,중계4동,1135062400,중계4동%20수유다래함박스텍,https://m.place.naver.com/restaurant/1040158919,636,4.45,30
11979,브레드디,중계4동,1135062400,중계4동%20브레드디,https://m.place.naver.com/restaurant/87002780,"1,552",4.45,14
11980,줄리에타,중계4동,1135062400,중계4동%20줄리에타,https://m.place.naver.com/restaurant/34658985,111,4.33,38
11983,그린집,중계4동,1135062400,중계4동%20그린집,https://m.place.naver.com/restaurant/1820109417,null,null,null
11984,롯데리아,중계4동,1135062400,중계4동%20롯데리아,https://m.place.naver.com/restaurant/20733052,"2,022",4.27,11
11985,보성녹돈,중계4동,1135062400,중계4동%20보성녹돈,https://m.place.naver.com/restaurant/1208692407,null,null,null
11986,꿀꿀이네직화구이,중계4동,1135062400,중계4동%20꿀꿀이네직화구이,https://m.place.naver.com/restaurant/1084109858,75,4.69,11
11987,꿀돼지,중계4동,1135062400,중계4동%20꿀돼지,https://m.place.naver.com/restaurant/18654069,152,4.29,17
11989,복순이네,중계4동,1135062400,중계4동%20복순이네,https://m.place.naver.com/restaurant/1568905716,null,null,null
11992,카페쥬드,중계4동,1135062400,중계4동%20카페쥬드,https://m.place.naver.com/restaurant/1256547284,101,4.32,5
11993,조마루감자탕,중계4동,1135062400,중계4동%20조마루감자탕,https://m.place.naver.com/restaurant/18653017,928,4.33,22
11994,곤조참치,중계4동,1135062400,중계4동%20곤조참치,https://m.place.naver.com/restaurant/38654512,73,4.38,84
11995,칠성해물통짬뽕,중계4동,1135062400,중계4동%20칠성해물통짬뽕,https://m.place.naver.com/restaurant/36640004,null,null,null
11997,굴근닭강정,중계4동,1135062400,중계4동%20굴근닭강정,https://m.place.naver.com/restaurant/1128687092,75,4.83,3
11999,카페,중계4동,1135062400,중계4동%20카페,https://m.place.naver.com/restaurant/1663737230,null,null,null
