상호명,행정동명,행정동코드,naver_keyword,naver_map_url
삿갓봉초밥,중계4동,1135062400,중계4동%20삿갓봉초밥,https://m.place.naver.com/restaurant/1634299593
투존치킨,중계4동,1135062400,중계4동%20투존치킨,https://m.place.naver.com/restaurant/1119548075
싹쓰리솥뚜껑삼겹살,중계4동,1135062400,중계4동%20싹쓰리솥뚜껑삼겹살,https://m.place.naver.com/restaurant/602057598
서원갈비,중계4동,1135062400,중계4동%20서원갈비,https://m.place.naver.com/restaurant/37554064
메가커피,중계4동,1135062400,중계4동%20메가커피,https://m.place.naver.com/restaurant/1815979563
500소갈비살,중계4동,1135062400,중계4동%20500소갈비살,https://m.place.naver.com/restaurant/1469759891
고향밥상,중계4동,1135062400,중계4동%20고향밥상,https://m.place.naver.com/restaurant/1880146827
바론식당,중계4동,1135062400,중계4동%20바론식당,https://m.place.naver.com/restaurant/1110992747
키친혁명,중계4동,1135062400,중계4동%20키친혁명,https://m.place.naver.com/restaurant/1037447629
커피니,중계4동,1135062400,중계4동%20커피니,https://m.place.naver.com/restaurant/1422454772
카페,중계4동,1135062400,중계4동%20카페,https://m.place.naver.com/restaurant/1663737230
휘드카페,중계4동,1135062400,중계4동%20휘드카페,https://m.place.naver.com/restaurant/37350410
불놀이야,중계4동,1135062400,중계4동%20불놀이야,https://m.place.naver.com/restaurant/940484085
방추남원추어탕,중계4동,1135062400,중계4동%20방추남원추어탕,https://m.place.naver.com/restaurant/1454365960
돈까스오케이,중계4동,1135062400,중계4동%20돈까스오케이,https://m.place.naver.com/restaurant/1079817466
노원상계서서갈비,중계4동,1135062400,중계4동%20노원상계서서갈비,https://m.place.naver.com/restaurant/20076094
안녕,중계4동,1135062400,중계4동%20안녕,https://m.place.naver.com/restaurant/1085938056
동그라미,중계4동,1135062400,중계4동%20동그라미,https://m.place.naver.com/restaurant/1078116685
호미곱도리식당,대림1동,1156070000,대림1동%20호미곱도리식당,https://m.place.naver.com/restaurant/1488228618
순천식당,대림1동,1156070000,대림1동%20순천식당,https://m.place.naver.com/restaurant/1219255616
자매식당,대림1동,1156070000,대림1동%20자매식당,https://m.place.naver.com/restaurant/1612335557
도깨비떡방아,대림1동,1156070000,대림1동%20도깨비떡방아,https://m.place.naver.com/restaurant/18660649
미소네막창구이,대림1동,1156070000,대림1동%20미소네막창구이,https://m.place.naver.com/restaurant/20619239
놀부부대찌개&철판구이,대림1동,1156070000,대림1동%20놀부부대찌개&철판구이,https://m.place.naver.com/restaurant/32625674
커피스미스,대림1동,1156070000,대림1동%20커피스미스,https://m.place.naver.com/restaurant/1502973921
상구통닭,대림1동,1156070000,대림1동%20상구통닭,https://m.place.naver.com/restaurant/1265248158
청진동해장국,대림1동,1156070000,대림1동%20청진동해장국,https://m.place.naver.com/restaurant/19017856
던킨,대림1동,1156070000,대림1동%20던킨,https://m.place.naver.com/restaurant/1158396179
명륜진사갈비,대림1동,1156070000,대림1동%20명륜진사갈비,https://m.place.naver.com/restaurant/1638873900
천향마라탕,대림1동,1156070000,대림1동%20천향마라탕,https://m.place.naver.com/restaurant/1098602417
둘둘치킨,대림1동,1156070000,대림1동%20둘둘치킨,https://m.place.naver.com/restaurant/12901923
옛맛손칼국수,대림1동,1156070000,대림1동%20옛맛손칼국수,https://m.place.naver.com/restaurant/1815575199
순천식당,대림1동,1156070000,대림1동%20순천식당,https://m.place.naver.com/restaurant/1219255616
수커피호프,대림1동,1156070000,대림1동%20수커피호프,https://m.place.naver.com/restaurant/1662398805
카페보니또,대림1동,1156070000,대림1동%20카페보니또,https://m.place.naver.com/restaurant/1227549712
별난순대국,대림1동,1156070000,대림1동%20별난순대국,https://m.place.naver.com/restaurant/1713211229
다빈이네,대림1동,1156070000,대림1동%20다빈이네,https://m.place.naver.com/restaurant/1369802434
시나브로,대림1동,1156070000,대림1동%20시나브로,https://m.place.naver.com/restaurant/1296805680
북촌손만두,대림1동,1156070000,대림1동%20북촌손만두,https://m.place.naver.com/restaurant/1354231203
여우치킨,대림1동,1156070000,대림1동%20여우치킨,https://m.place.naver.com/restaurant/1201784975
정성한줄,대림1동,1156070000,대림1동%20정성한줄,https://m.place.naver.com/restaurant/38335441
프리돈가스,대림1동,1156070000,대림1동%20프리돈가스,https://m.place.naver.com/restaurant/1603846472
후라이드참잘하는집,대림1동,1156070000,대림1동%20후라이드참잘하는집,https://m.place.naver.com/restaurant/1166241227
빵에빠지다,대림1동,1156070000,대림1동%20빵에빠지다,https://m.place.naver.com/restaurant/1540895680
몰랑떡볶이,대림1동,1156070000,대림1동%20몰랑떡볶이,https://m.place.naver.com/restaurant/1443118891
고로케쌀카스테라,대림1동,1156070000,대림1동%20고로케쌀카스테라,https://m.place.naver.com/restaurant/1474668815
지트,대림1동,1156070000,대림1동%20지트,https://m.place.naver.com/restaurant/1063095777
마포숯불갈비,대림1동,1156070000,대림1동%20마포숯불갈비,https://m.place.naver.com/restaurant/1448750242
서브웨이,대림1동,1156070000,대림1동%20서브웨이,https://m.place.naver.com/restaurant/1544099414
무의도바다속칼국수,대림1동,1156070000,대림1동%20무의도바다속칼국수,https://m.place.naver.com/restaurant/36314303
미도떡집,대림1동,1156070000,대림1동%20미도떡집,https://m.place.naver.com/restaurant/37161001
모녀반찬,대림1동,1156070000,대림1동%20모녀반찬,https://m.place.naver.com/restaurant/1576437231
파리케익,대림1동,1156070000,대림1동%20파리케익,https://m.place.naver.com/restaurant/20644601
미쳐버린파닭,대림1동,1156070000,대림1동%20미쳐버린파닭,https://m.place.naver.com/restaurant/1181645518
서해안푸드,대림1동,1156070000,대림1동%20서해안푸드,https://m.place.naver.com/restaurant/1200047651
불떡,대림1동,1156070000,대림1동%20불떡,https://m.place.naver.com/restaurant/1243596339
정박사정육식당대림점,대림1동,1156070000,대림1동%20정박사정육식당대림점,https://m.place.naver.com/restaurant/37329703
토속정,대림1동,1156070000,대림1동%20토속정,https://m.place.naver.com/restaurant/1963679875
"백두산감자탕,장군보쌈",대림1동,1156070000,"대림1동%20백두산감자탕,장군보쌈",https://m.place.naver.com/restaurant/18682343
정박사정육식당,대림1동,1156070000,대림1동%20정박사정육식당,https://m.place.naver.com/restaurant/37329703
금호식당,대림1동,1156070000,대림1동%20금호식당,https://m.place.naver.com/restaurant/20638299
육수당,대림1동,1156070000,대림1동%20육수당,https://m.place.naver.com/restaurant/1851995009
커피마시는아귀,대림1동,1156070000,대림1동%20커피마시는아귀,https://m.place.naver.com/restaurant/1878484843
이모네밥집,대림1동,1156070000,대림1동%20이모네밥집,https://m.place.naver.com/restaurant/1603030130
대박주먹고기,대림1동,1156070000,대림1동%20대박주먹고기,https://m.place.naver.com/restaurant/20639189
카페,대림1동,1156070000,대림1동%20카페,https://m.place.naver.com/restaurant/33118662
맛나식당,대림1동,1156070000,대림1동%20맛나식당,https://m.place.naver.com/restaurant/1296236836
커피스미스,대림1동,1156070000,대림1동%20커피스미스,https://m.place.naver.com/restaurant/1502973921
빨강떡볶이,대림1동,1156070000,대림1동%20빨강떡볶이,https://m.place.naver.com/restaurant/1749977155
푸라닭,대림1동,1156070000,대림1동%20푸라닭,https://m.place.naver.com/restaurant/1360902562
컴포즈커피,대림1동,1156070000,대림1동%20컴포즈커피,https://m.place.naver.com/restaurant/1916549879
픽업커피,대림1동,1156070000,대림1동%20픽업커피,https://m.place.naver.com/restaurant/1320342150
대림동숙이네,대림1동,1156070000,대림1동%20대림동숙이네,https://m.place.naver.com/restaurant/1259250942
못난이꽈배기,대림1동,1156070000,대림1동%20못난이꽈배기,https://m.place.naver.com/restaurant/1196877007
육회명가,대림1동,1156070000,대림1동%20육회명가,https://m.place.naver.com/restaurant/1516569131
달떡볶이,대림1동,1156070000,대림1동%20달떡볶이,https://m.place.naver.com/restaurant/1095167156
여신,오금동,1171057000,오금동%20여신,https://m.place.naver.com/restaurant/1851265350
일미식당,오금동,1171057000,오금동%20일미식당,https://m.place.naver.com/restaurant/18885478
윤화돈까스전문점,오금동,1171057000,오금동%20윤화돈까스전문점,https://m.place.naver.com/restaurant/30885656
우&돈,오금동,1171057000,오금동%20우&돈,https://m.place.naver.com/restaurant/262540091
봉평메밀,오금동,1171057000,오금동%20봉평메밀,https://m.place.naver.com/restaurant/38485328
현대닭강정,오금동,1171057000,오금동%20현대닭강정,https://m.place.naver.com/restaurant/1367433285
맛닭꼬오금점,오금동,1171057000,오금동%20맛닭꼬오금점,https://m.place.naver.com/restaurant/36727720
MOONCAFE,오금동,1171057000,오금동%20MOONCAFE,https://m.place.naver.com/restaurant/1418779068
둥지,오금동,1171057000,오금동%20둥지,https://m.place.naver.com/restaurant/1617410410
꼼떼한우,오금동,1171057000,오금동%20꼼떼한우,https://m.place.naver.com/restaurant/37910542
빠띠시에,오금동,1171057000,오금동%20빠띠시에,https://m.place.naver.com/restaurant/34832239
큐스시,오금동,1171057000,오금동%20큐스시,https://m.place.naver.com/restaurant/33292807
김밥나라,오금동,1171057000,오금동%20김밥나라,https://m.place.naver.com/restaurant/36797448
대밭골우렁쌈밥,오금동,1171057000,오금동%20대밭골우렁쌈밥,https://m.place.naver.com/restaurant/37811824
무진감자탕,오금동,1171057000,오금동%20무진감자탕,https://m.place.naver.com/restaurant/1755448013
키즈카페,오금동,1171057000,오금동%20키즈카페,https://m.place.naver.com/restaurant/1144736369
흥도식당,오금동,1171057000,오금동%20흥도식당,https://m.place.naver.com/restaurant/1336821272
카페,오금동,1171057000,오금동%20카페,https://m.place.naver.com/restaurant/1521096714
굿모닝호프,오금동,1171057000,오금동%20굿모닝호프,https://m.place.naver.com/restaurant/1059089891
이디야커피,오금동,1171057000,오금동%20이디야커피,https://m.place.naver.com/restaurant/1226029010
전주콩나물국밥,오금동,1171057000,오금동%20전주콩나물국밥,https://m.place.naver.com/restaurant/1571648016
카페라모엘,오금동,1171057000,오금동%20카페라모엘,https://m.place.naver.com/restaurant/37387777
하나은행,오금동,1171057000,오금동%20하나은행,https://m.place.naver.com/restaurant/11774511
MINIM,오금동,1171057000,오금동%20MINIM,https://m.place.naver.com/restaurant/37869946
투썸플레이스,오금동,1171057000,오금동%20투썸플레이스,https://m.place.naver.com/restaurant/1931478537
풍원,오금동,1171057000,오금동%20풍원,https://m.place.naver.com/restaurant/13152970
태양수제숯불갈비,오금동,1171057000,오금동%20태양수제숯불갈비,https://m.place.naver.com/restaurant/1906183506
물빛마을참장어,오금동,1171057000,오금동%20물빛마을참장어,https://m.place.naver.com/restaurant/1208111102
오금숯불구이,오금동,1171057000,오금동%20오금숯불구이,https://m.place.naver.com/restaurant/1499595223
부산복집,오금동,1171057000,오금동%20부산복집,https://m.place.naver.com/restaurant/11887626
생활맥주,오금동,1171057000,오금동%20생활맥주,https://m.place.naver.com/restaurant/1674073631
착한반찬,오금동,1171057000,오금동%20착한반찬,https://m.place.naver.com/restaurant/1234365957
이경진우렁쌈밥,오금동,1171057000,오금동%20이경진우렁쌈밥,https://m.place.naver.com/restaurant/18539779
곤드레밥,오금동,1171057000,오금동%20곤드레밥,https://m.place.naver.com/restaurant/34793570
파리바게뜨오금현대점,오금동,1171057000,오금동%20파리바게뜨오금현대점,https://m.place.naver.com/restaurant/1955837091
롤스시,오금동,1171057000,오금동%20롤스시,https://m.place.naver.com/restaurant/1687873029
마이원통닭,오금동,1171057000,오금동%20마이원통닭,https://m.place.naver.com/restaurant/1881414663
FILLCOFFEE,오금동,1171057000,오금동%20FILLCOFFEE,https://m.place.naver.com/restaurant/1227308691
도미노피자오금점,오금동,1171057000,오금동%20도미노피자오금점,https://m.place.naver.com/restaurant/1056918150
굽네치킨오금점,오금동,1171057000,오금동%20굽네치킨오금점,https://m.place.naver.com/restaurant/13395127
라향,오금동,1171057000,오금동%20라향,https://m.place.naver.com/restaurant/38556347
부라더키친송파구점,오금동,1171057000,오금동%20부라더키친송파구점,https://m.place.naver.com/restaurant/1063796409
꼬꼬방집으로삼겹,오금동,1171057000,오금동%20꼬꼬방집으로삼겹,https://m.place.naver.com/restaurant/1955490885
송파샤브샤브칼국수,오금동,1171057000,오금동%20송파샤브샤브칼국수,https://m.place.naver.com/restaurant/1809562910
마천골살치살전문점,오금동,1171057000,오금동%20마천골살치살전문점,https://m.place.naver.com/restaurant/1855566677
이수떡볶이,오금동,1171057000,오금동%20이수떡볶이,https://m.place.naver.com/restaurant/1039061665
향호면옥,오금동,1171057000,오금동%20향호면옥,https://m.place.naver.com/restaurant/13316666
Seasonablebakery,오금동,1171057000,오금동%20Seasonablebakery,https://m.place.naver.com/restaurant/1089726060
오금포차,오금동,1171057000,오금동%20오금포차,https://m.place.naver.com/restaurant/1704603852
처갓집양념치킨,도화동,1144058500,도화동%20처갓집양념치킨,https://m.place.naver.com/restaurant/11782583
오리도시,도화동,1144058500,도화동%20오리도시,https://m.place.naver.com/restaurant/31679632
빽다방공덕새창로점,도화동,1144058500,도화동%20빽다방공덕새창로점,https://m.place.naver.com/restaurant/36090587
솔잎식당,도화동,1144058500,도화동%20솔잎식당,https://m.place.naver.com/restaurant/36004024
금복족발,도화동,1144058500,도화동%20금복족발,https://m.place.naver.com/restaurant/357494920
마포삼계탕,도화동,1144058500,도화동%20마포삼계탕,https://m.place.naver.com/restaurant/13160208
바브로,도화동,1144058500,도화동%20바브로,https://m.place.naver.com/restaurant/1849945782
청년다방,도화동,1144058500,도화동%20청년다방,https://m.place.naver.com/restaurant/1868848964
뮤지움,도화동,1144058500,도화동%20뮤지움,https://m.place.naver.com/restaurant/37994228
지코바양념치킨도화점,도화동,1144058500,도화동%20지코바양념치킨도화점,https://m.place.naver.com/restaurant/38549785
어머니밥상,도화동,1144058500,도화동%20어머니밥상,https://m.place.naver.com/restaurant/20879596
여명,도화동,1144058500,도화동%20여명,https://m.place.naver.com/restaurant/35243775
오늘은좋은날,도화동,1144058500,도화동%20오늘은좋은날,https://m.place.naver.com/restaurant/32721245
기찬순대,도화동,1144058500,도화동%20기찬순대,https://m.place.naver.com/restaurant/1630527546
크롬바커,도화동,1144058500,도화동%20크롬바커,https://m.place.naver.com/restaurant/18767615
용호동낙지,도화동,1144058500,도화동%20용호동낙지,https://m.place.naver.com/restaurant/1363111453
킹콩부대찌개,도화동,1144058500,도화동%20킹콩부대찌개,https://m.place.naver.com/restaurant/1324206320
카페코나퀸즈,도화동,1144058500,도화동%20카페코나퀸즈,https://m.place.naver.com/restaurant/37438152
도화동지니,도화동,1144058500,도화동%20도화동지니,https://m.place.naver.com/restaurant/1425121959
호치킨,도화동,1144058500,도화동%20호치킨,https://m.place.naver.com/restaurant/36836094
마포백년곰탕도하정,도화동,1144058500,도화동%20마포백년곰탕도하정,https://m.place.naver.com/restaurant/1252710216
피슈마라홍탕,도화동,1144058500,도화동%20피슈마라홍탕,https://m.place.naver.com/restaurant/1021141556
비어55,도화동,1144058500,도화동%20비어55,https://m.place.naver.com/restaurant/1417698524
비에이블스터디카페,도화동,1144058500,도화동%20비에이블스터디카페,https://m.place.naver.com/restaurant/1619668875
피자스쿨도화점,도화동,1144058500,도화동%20피자스쿨도화점,https://m.place.naver.com/restaurant/20718792
에그셀런트,도화동,1144058500,도화동%20에그셀런트,https://m.place.naver.com/restaurant/1158835126
마포건닭포차,도화동,1144058500,도화동%20마포건닭포차,https://m.place.naver.com/restaurant/1169159633
도화아파트먼트,도화동,1144058500,도화동%20도화아파트먼트,https://m.place.naver.com/restaurant/1236259036
푸라닭치킨,도화동,1144058500,도화동%20푸라닭치킨,https://m.place.naver.com/restaurant/1097608063
청산별곱,도화동,1144058500,도화동%20청산별곱,https://m.place.naver.com/restaurant/1956533977
프리츠커피컴퍼니,도화동,1144058500,도화동%20프리츠커피컴퍼니,https://m.place.naver.com/restaurant/35524251
조CHEF,도화동,1144058500,도화동%20조CHEF,https://m.place.naver.com/restaurant/1265978200
계림원,도화동,1144058500,도화동%20계림원,https://m.place.naver.com/restaurant/37402552
서산꽃게,도화동,1144058500,도화동%20서산꽃게,https://m.place.naver.com/restaurant/20389232
비어&당구장,도화동,1144058500,도화동%20비어&당구장,https://m.place.naver.com/restaurant/1846578303
이룸웨딩컨벤션,도화동,1144058500,도화동%20이룸웨딩컨벤션,https://m.place.naver.com/restaurant/20322273
일식후지,도화동,1144058500,도화동%20일식후지,https://m.place.naver.com/restaurant/11887721
오늘의빵,도화동,1144058500,도화동%20오늘의빵,https://m.place.naver.com/restaurant/37811629
마포목장,도화동,1144058500,도화동%20마포목장,https://m.place.naver.com/restaurant/36339363
가정옥,도화동,1144058500,도화동%20가정옥,https://m.place.naver.com/restaurant/35929007
곱,도화동,1144058500,도화동%20곱,https://m.place.naver.com/restaurant/33331941
도원샤브샤브,도화동,1144058500,도화동%20도원샤브샤브,https://m.place.naver.com/restaurant/13160186
지중해참치,도화동,1144058500,도화동%20지중해참치,https://m.place.naver.com/restaurant/33906974
미소갈매기,도화동,1144058500,도화동%20미소갈매기,https://m.place.naver.com/restaurant/18308234
왕가밀,도화동,1144058500,도화동%20왕가밀,https://m.place.naver.com/restaurant/35816149
머구리,도화동,1144058500,도화동%20머구리,https://m.place.naver.com/restaurant/1990335094
몽중헌공덕점,도화동,1144058500,도화동%20몽중헌공덕점,https://m.place.naver.com/restaurant/505076034
코끼리분식,도화동,1144058500,도화동%20코끼리분식,https://m.place.naver.com/restaurant/1554596879
이든케이크,도화동,1144058500,도화동%20이든케이크,https://m.place.naver.com/restaurant/36859942
차차,도화동,1144058500,도화동%20차차,https://m.place.naver.com/restaurant/36908698
배스킨라빈스31도화점,도화동,1144058500,도화동%20배스킨라빈스31도화점,https://m.place.naver.com/restaurant/20513139
요거프레소마포도화점,도화동,1144058500,도화동%20요거프레소마포도화점,https://m.place.naver.com/restaurant/246896251
천지식당,도화동,1144058500,도화동%20천지식당,https://m.place.naver.com/restaurant/1823569168
마포구이구이,도화동,1144058500,도화동%20마포구이구이,https://m.place.naver.com/restaurant/33331941
이자카야키쿠,도화동,1144058500,도화동%20이자카야키쿠,https://m.place.naver.com/restaurant/1467464625
라그릴리아,도화동,1144058500,도화동%20라그릴리아,https://m.place.naver.com/restaurant/737474956
투썸플레이스공덕헤링턴스퀘어점,도화동,1144058500,도화동%20투썸플레이스공덕헤링턴스퀘어점,https://m.place.naver.com/restaurant/435150272
뚜레쥬르,도화동,1144058500,도화동%20뚜레쥬르,https://m.place.naver.com/restaurant/757188582
키노겐,도화동,1144058500,도화동%20키노겐,https://m.place.naver.com/restaurant/1265303823
어텐션,도화동,1144058500,도화동%20어텐션,https://m.place.naver.com/restaurant/1655279665
최고집바지락생칼국수,북가좌2동,1141072000,북가좌2동%20최고집바지락생칼국수,https://m.place.naver.com/restaurant/18288596
추억의포차,북가좌2동,1141072000,북가좌2동%20추억의포차,https://m.place.naver.com/restaurant/1570939145
전통남원추어탕,북가좌2동,1141072000,북가좌2동%20전통남원추어탕,https://m.place.naver.com/restaurant/20828580
빵굽는아빠,북가좌2동,1141072000,북가좌2동%20빵굽는아빠,https://m.place.naver.com/restaurant/1672041488
간이역,북가좌2동,1141072000,북가좌2동%20간이역,https://m.place.naver.com/restaurant/1638548211
삼삼치킨,북가좌2동,1141072000,북가좌2동%20삼삼치킨,https://m.place.naver.com/restaurant/31396165
원,북가좌2동,1141072000,북가좌2동%20원,https://m.place.naver.com/restaurant/1963736502
로라,북가좌2동,1141072000,북가좌2동%20로라,https://m.place.naver.com/restaurant/1079833320
박용석스시,북가좌2동,1141072000,북가좌2동%20박용석스시,https://m.place.naver.com/restaurant/1931882169
정든곱창,북가좌2동,1141072000,북가좌2동%20정든곱창,https://m.place.naver.com/restaurant/37537406
구구,북가좌2동,1141072000,북가좌2동%20구구,https://m.place.naver.com/restaurant/1506062133
치킨마루북가좌서부점,북가좌2동,1141072000,북가좌2동%20치킨마루북가좌서부점,https://m.place.naver.com/restaurant/36939095
본가생고기,북가좌2동,1141072000,북가좌2동%20본가생고기,https://m.place.naver.com/restaurant/1082727450
낙원식당,북가좌2동,1141072000,북가좌2동%20낙원식당,https://m.place.naver.com/restaurant/1025015376
마포식당,북가좌2동,1141072000,북가좌2동%20마포식당,https://m.place.naver.com/restaurant/36004753
프렌즈,북가좌2동,1141072000,북가좌2동%20프렌즈,https://m.place.naver.com/restaurant/1072125575
피자마루,북가좌2동,1141072000,북가좌2동%20피자마루,https://m.place.naver.com/restaurant/19361100
부산숯불꼼장어,북가좌2동,1141072000,북가좌2동%20부산숯불꼼장어,https://m.place.naver.com/restaurant/1556639075
산맥로스터리,북가좌2동,1141072000,북가좌2동%20산맥로스터리,https://m.place.naver.com/restaurant/20691221
BBQ치킨,북가좌2동,1141072000,북가좌2동%20BBQ치킨,https://m.place.naver.com/restaurant/1820545108
꼬꼬야닭먹자,북가좌2동,1141072000,북가좌2동%20꼬꼬야닭먹자,https://m.place.naver.com/restaurant/1493605021
배스킨라빈스31북가좌점,북가좌2동,1141072000,북가좌2동%20배스킨라빈스31북가좌점,https://m.place.naver.com/restaurant/1349756636
커피볶는집,북가좌2동,1141072000,북가좌2동%20커피볶는집,https://m.place.naver.com/restaurant/37233332
궁전순대국,북가좌2동,1141072000,북가좌2동%20궁전순대국,https://m.place.naver.com/restaurant/1537387079
연안정육점식당,북가좌2동,1141072000,북가좌2동%20연안정육점식당,https://m.place.naver.com/restaurant/36004754
고기각,북가좌2동,1141072000,북가좌2동%20고기각,https://m.place.naver.com/restaurant/1248206567
호프하우스,북가좌2동,1141072000,북가좌2동%20호프하우스,https://m.place.naver.com/restaurant/1284235211
피자마루,북가좌2동,1141072000,북가좌2동%20피자마루,https://m.place.naver.com/restaurant/19361100
미요,북가좌2동,1141072000,북가좌2동%20미요,https://m.place.naver.com/restaurant/37535010
이삭토스트,북가좌2동,1141072000,북가좌2동%20이삭토스트,https://m.place.naver.com/restaurant/18275720
우리동네,북가좌2동,1141072000,북가좌2동%20우리동네,https://m.place.naver.com/restaurant/1764328679
207파스타,북가좌2동,1141072000,북가좌2동%20207파스타,https://m.place.naver.com/restaurant/1390633169
바다양푼이동태탕,북가좌2동,1141072000,북가좌2동%20바다양푼이동태탕,https://m.place.naver.com/restaurant/1193056223
치킨로하스,북가좌2동,1141072000,북가좌2동%20치킨로하스,https://m.place.naver.com/restaurant/31396165
화송순대국,북가좌2동,1141072000,북가좌2동%20화송순대국,https://m.place.naver.com/restaurant/31391919
파리바게뜨,북가좌2동,1141072000,북가좌2동%20파리바게뜨,https://m.place.naver.com/restaurant/31099322
한우사랑정육점,북가좌2동,1141072000,북가좌2동%20한우사랑정육점,https://m.place.naver.com/restaurant/1187080435
함흥냉면,북가좌2동,1141072000,북가좌2동%20함흥냉면,https://m.place.naver.com/restaurant/11725959
맛있는칼국수,북가좌2동,1141072000,북가좌2동%20맛있는칼국수,https://m.place.naver.com/restaurant/35800653
빈스앤와플북가좌점,북가좌2동,1141072000,북가좌2동%20빈스앤와플북가좌점,https://m.place.naver.com/restaurant/1367217331
페리카나북가좌2점,북가좌2동,1141072000,북가좌2동%20페리카나북가좌2점,https://m.place.naver.com/restaurant/11800218
커피하우스,북가좌2동,1141072000,북가좌2동%20커피하우스,https://m.place.naver.com/restaurant/1656206859
베네쉬커피,북가좌2동,1141072000,북가좌2동%20베네쉬커피,https://m.place.naver.com/restaurant/1979874543
1988옛날통닭,북가좌2동,1141072000,북가좌2동%201988옛날통닭,https://m.place.naver.com/restaurant/1545929942
김밥나라,북가좌2동,1141072000,북가좌2동%20김밥나라,https://m.place.naver.com/restaurant/31394061
딱한잔더호프,북가좌2동,1141072000,북가좌2동%20딱한잔더호프,https://m.place.naver.com/restaurant/1081410660
커피생각,북가좌2동,1141072000,북가좌2동%20커피생각,https://m.place.naver.com/restaurant/35581635
점프노리키즈카페,북가좌2동,1141072000,북가좌2동%20점프노리키즈카페,https://m.place.naver.com/restaurant/1139237836
떡깨비,북가좌2동,1141072000,북가좌2동%20떡깨비,https://m.place.naver.com/restaurant/1137389134
홀리,북가좌2동,1141072000,북가좌2동%20홀리,https://m.place.naver.com/restaurant/1751472255
CU,북가좌2동,1141072000,북가좌2동%20CU,https://m.place.naver.com/restaurant/35743316
오복영양탕,북가좌2동,1141072000,북가좌2동%20오복영양탕,https://m.place.naver.com/restaurant/18270260
이마트에브리데이,답십리1동,1123060000,답십리1동%20이마트에브리데이,https://m.place.naver.com/restaurant/18061892
본스치킨,답십리1동,1123060000,답십리1동%20본스치킨,https://m.place.naver.com/restaurant/32092361
채선당,답십리1동,1123060000,답십리1동%20채선당,https://m.place.naver.com/restaurant/33647185
희수네숯불갈비,답십리1동,1123060000,답십리1동%20희수네숯불갈비,https://m.place.naver.com/restaurant/18058485
왕십리곱창,답십리1동,1123060000,답십리1동%20왕십리곱창,https://m.place.naver.com/restaurant/35629595
동서비빔국수,답십리1동,1123060000,답십리1동%20동서비빔국수,https://m.place.naver.com/restaurant/1729910511
대박집,답십리1동,1123060000,답십리1동%20대박집,https://m.place.naver.com/restaurant/465152942
파스타입니다,답십리1동,1123060000,답십리1동%20파스타입니다,https://m.place.naver.com/restaurant/1882574739
골목냉면,답십리1동,1123060000,답십리1동%20골목냉면,https://m.place.naver.com/restaurant/94941834
할리스커피,답십리1동,1123060000,답십리1동%20할리스커피,https://m.place.naver.com/restaurant/36949108
넝쿨,답십리1동,1123060000,답십리1동%20넝쿨,https://m.place.naver.com/restaurant/32817389
충무김밥,답십리1동,1123060000,답십리1동%20충무김밥,https://m.place.naver.com/restaurant/1752987021
원더월커피로스터스,답십리1동,1123060000,답십리1동%20원더월커피로스터스,https://m.place.naver.com/restaurant/37638468
커피마마답십리역점,답십리1동,1123060000,답십리1동%20커피마마답십리역점,https://m.place.naver.com/restaurant/551319519
카페스모키,답십리1동,1123060000,답십리1동%20카페스모키,https://m.place.naver.com/restaurant/1630114591
꽃세겹살,답십리1동,1123060000,답십리1동%20꽃세겹살,https://m.place.naver.com/restaurant/37943773
카페베네,답십리1동,1123060000,답십리1동%20카페베네,https://m.place.naver.com/restaurant/13403240
서초곱창,답십리1동,1123060000,답십리1동%20서초곱창,https://m.place.naver.com/restaurant/436793305
병천순대,답십리1동,1123060000,답십리1동%20병천순대,https://m.place.naver.com/restaurant/1594669285
문인커피,답십리1동,1123060000,답십리1동%20문인커피,https://m.place.naver.com/restaurant/1612263840
교촌치킨답십리1호점,답십리1동,1123060000,답십리1동%20교촌치킨답십리1호점,https://m.place.naver.com/restaurant/11801920
명가옛날통닭,답십리1동,1123060000,답십리1동%20명가옛날통닭,https://m.place.naver.com/restaurant/1062397061
명품커피,답십리1동,1123060000,답십리1동%20명품커피,https://m.place.naver.com/restaurant/1558688876
투썸플레이스,답십리1동,1123060000,답십리1동%20투썸플레이스,https://m.place.naver.com/restaurant/1093193614
버거플래닛,답십리1동,1123060000,답십리1동%20버거플래닛,https://m.place.naver.com/restaurant/1952361565
한성카페,답십리1동,1123060000,답십리1동%20한성카페,https://m.place.naver.com/restaurant/1489529864
닭한마리오리한마리,답십리1동,1123060000,답십리1동%20닭한마리오리한마리,https://m.place.naver.com/restaurant/1134416432
답구정동,답십리1동,1123060000,답십리1동%20답구정동,https://m.place.naver.com/restaurant/1784909593
모퉁이,답십리1동,1123060000,답십리1동%20모퉁이,https://m.place.naver.com/restaurant/1169682698
모아키친,답십리1동,1123060000,답십리1동%20모아키친,https://m.place.naver.com/restaurant/1516477595
직화구이통삼겹,답십리1동,1123060000,답십리1동%20직화구이통삼겹,https://m.place.naver.com/restaurant/1173466744
행운식당,답십리1동,1123060000,답십리1동%20행운식당,https://m.place.naver.com/restaurant/1014034438
멘동,답십리1동,1123060000,답십리1동%20멘동,https://m.place.naver.com/restaurant/1126942178
마장동동바곱창,답십리1동,1123060000,답십리1동%20마장동동바곱창,https://m.place.naver.com/restaurant/1549191869
빽다방,답십리1동,1123060000,답십리1동%20빽다방,https://m.place.naver.com/restaurant/1393666119
홍콩반점0410,답십리1동,1123060000,답십리1동%20홍콩반점0410,https://m.place.naver.com/restaurant/1797865042
집반찬,답십리1동,1123060000,답십리1동%20집반찬,https://m.place.naver.com/restaurant/1599946201
오복식당,답십리1동,1123060000,답십리1동%20오복식당,https://m.place.naver.com/restaurant/18852671
별이빛나는항구,답십리1동,1123060000,답십리1동%20별이빛나는항구,https://m.place.naver.com/restaurant/480673866
파파존스피자,답십리1동,1123060000,답십리1동%20파파존스피자,https://m.place.naver.com/restaurant/1527978016
진미생맥주,답십리1동,1123060000,답십리1동%20진미생맥주,https://m.place.naver.com/restaurant/1009287566
미락칼국수,답십리1동,1123060000,답십리1동%20미락칼국수,https://m.place.naver.com/restaurant/1749190689
쥬스식스,답십리1동,1123060000,답십리1동%20쥬스식스,https://m.place.naver.com/restaurant/241893292
곽만근갈비탕이야기답십리점,답십리1동,1123060000,답십리1동%20곽만근갈비탕이야기답십리점,https://m.place.naver.com/restaurant/1654267397
천심,답십리1동,1123060000,답십리1동%20천심,https://m.place.naver.com/restaurant/1276943600
치맥,답십리1동,1123060000,답십리1동%20치맥,https://m.place.naver.com/restaurant/1318374554
소림마라,답십리1동,1123060000,답십리1동%20소림마라,https://m.place.naver.com/restaurant/1420473008
다돈왕족발,답십리1동,1123060000,답십리1동%20다돈왕족발,https://m.place.naver.com/restaurant/93930751
티움,답십리1동,1123060000,답십리1동%20티움,https://m.place.naver.com/restaurant/37525662
동해안세꼬시,답십리1동,1123060000,답십리1동%20동해안세꼬시,https://m.place.naver.com/restaurant/1244299055
회뜰날,답십리1동,1123060000,답십리1동%20회뜰날,https://m.place.naver.com/restaurant/1378296241
고향식당,답십리1동,1123060000,답십리1동%20고향식당,https://m.place.naver.com/restaurant/1837208109
나루터,답십리1동,1123060000,답십리1동%20나루터,https://m.place.naver.com/restaurant/1144231292
할리스커피남부터미널,서초1동,1165051000,서초1동%20할리스커피남부터미널,https://m.place.naver.com/restaurant/13396614
가미,서초1동,1165051000,서초1동%20가미,https://m.place.naver.com/restaurant/37650229
치르치르,서초1동,1165051000,서초1동%20치르치르,https://m.place.naver.com/restaurant/1501651990
강창구찹쌀진순대,서초1동,1165051000,서초1동%20강창구찹쌀진순대,https://m.place.naver.com/restaurant/35701508
버드나무집,서초1동,1165051000,서초1동%20버드나무집,https://m.place.naver.com/restaurant/11627634
아디스아바바,서초1동,1165051000,서초1동%20아디스아바바,https://m.place.naver.com/restaurant/13507086
스시나인,서초1동,1165051000,서초1동%20스시나인,https://m.place.naver.com/restaurant/36935885
바리,서초1동,1165051000,서초1동%20바리,https://m.place.naver.com/restaurant/18365224
교대조개구이조개칼국수,서초1동,1165051000,서초1동%20교대조개구이조개칼국수,https://m.place.naver.com/restaurant/1757001496
교대_소공동뚝배기집,서초1동,1165051000,서초1동%20교대_소공동뚝배기집,https://m.place.naver.com/restaurant/1958126615
춘천닭갈비,서초1동,1165051000,서초1동%20춘천닭갈비,https://m.place.naver.com/restaurant/31243185
봉된장,서초1동,1165051000,서초1동%20봉된장,https://m.place.naver.com/restaurant/36668874
교촌치킨,서초1동,1165051000,서초1동%20교촌치킨,https://m.place.naver.com/restaurant/11802220
깐부치킨,서초1동,1165051000,서초1동%20깐부치킨,https://m.place.naver.com/restaurant/1154400830
본죽남부터미널,서초1동,1165051000,서초1동%20본죽남부터미널,https://m.place.naver.com/restaurant/12977207
아이씨유,서초1동,1165051000,서초1동%20아이씨유,https://m.place.naver.com/restaurant/1515231701
다솜채,서초1동,1165051000,서초1동%20다솜채,https://m.place.naver.com/restaurant/1749986149
로찌커피,서초1동,1165051000,서초1동%20로찌커피,https://m.place.naver.com/restaurant/1170845361
신전떡볶이교대점,서초1동,1165051000,서초1동%20신전떡볶이교대점,https://m.place.naver.com/restaurant/37746147
쥬시,서초1동,1165051000,서초1동%20쥬시,https://m.place.naver.com/restaurant/37935427
꼬꾸이,서초1동,1165051000,서초1동%20꼬꾸이,https://m.place.naver.com/restaurant/20610023
최수사,서초1동,1165051000,서초1동%20최수사,https://m.place.naver.com/restaurant/18324438
장강,서초1동,1165051000,서초1동%20장강,https://m.place.naver.com/restaurant/18345087
데일리3커피,서초1동,1165051000,서초1동%20데일리3커피,https://m.place.naver.com/restaurant/37801179
동해수산,서초1동,1165051000,서초1동%20동해수산,https://m.place.naver.com/restaurant/1143472024
칠갑청국장,서초1동,1165051000,서초1동%20칠갑청국장,https://m.place.naver.com/restaurant/18320160
옛집큰손,서초1동,1165051000,서초1동%20옛집큰손,https://m.place.naver.com/restaurant/1516422979
광시신흥정육점식당,서초1동,1165051000,서초1동%20광시신흥정육점식당,https://m.place.naver.com/restaurant/20724798
오토다이어리,서초1동,1165051000,서초1동%20오토다이어리,https://m.place.naver.com/restaurant/1482049217
경성꽈배기,서초1동,1165051000,서초1동%20경성꽈배기,https://m.place.naver.com/restaurant/1735914362
을지골뱅이,서초1동,1165051000,서초1동%20을지골뱅이,https://m.place.naver.com/restaurant/20642965
담미온,서초1동,1165051000,서초1동%20담미온,https://m.place.naver.com/restaurant/1681138990
도라스시,서초1동,1165051000,서초1동%20도라스시,https://m.place.naver.com/restaurant/1857250368
떡본김애,서초1동,1165051000,서초1동%20떡본김애,https://m.place.naver.com/restaurant/1953888928
신의주찹쌀순대,서초1동,1165051000,서초1동%20신의주찹쌀순대,https://m.place.naver.com/restaurant/31729816
전주한정식,서초1동,1165051000,서초1동%20전주한정식,https://m.place.naver.com/restaurant/12791137
아비꼬,서초1동,1165051000,서초1동%20아비꼬,https://m.place.naver.com/restaurant/1006143565
가마로강정,서초1동,1165051000,서초1동%20가마로강정,https://m.place.naver.com/restaurant/33706596
달링스테이크,서초1동,1165051000,서초1동%20달링스테이크,https://m.place.naver.com/restaurant/1978285341
오토김밥,서초1동,1165051000,서초1동%20오토김밥,https://m.place.naver.com/restaurant/1118176685
HBC고깃집,서초1동,1165051000,서초1동%20HBC고깃집,https://m.place.naver.com/restaurant/38269765
양가식탁,서초1동,1165051000,서초1동%20양가식탁,https://m.place.naver.com/restaurant/1498297627
울엄마김밥,서초1동,1165051000,서초1동%20울엄마김밥,https://m.place.naver.com/restaurant/20939435
토즈모임센터,서초1동,1165051000,서초1동%20토즈모임센터,https://m.place.naver.com/restaurant/37800647
남초원,서초1동,1165051000,서초1동%20남초원,https://m.place.naver.com/restaurant/18320021
통영장어구이,서초1동,1165051000,서초1동%20통영장어구이,https://m.place.naver.com/restaurant/1045704193
한신VIP일번지포차,서초1동,1165051000,서초1동%20한신VIP일번지포차,https://m.place.naver.com/restaurant/11700181
파파존스피자,서초1동,1165051000,서초1동%20파파존스피자,https://m.place.naver.com/restaurant/11684854
송황칼국수,서초1동,1165051000,서초1동%20송황칼국수,https://m.place.naver.com/restaurant/389751067
큰이모네,서초1동,1165051000,서초1동%20큰이모네,https://m.place.naver.com/restaurant/20629435
띵떡,서초1동,1165051000,서초1동%20띵떡,https://m.place.naver.com/restaurant/1088504521
에슬로우커피,서초1동,1165051000,서초1동%20에슬로우커피,https://m.place.naver.com/restaurant/1955659549
밀숲,서초1동,1165051000,서초1동%20밀숲,https://m.place.naver.com/restaurant/37327008
소담,서초1동,1165051000,서초1동%20소담,https://m.place.naver.com/restaurant/18346349
장꼬방묵은김치찌개,서초1동,1165051000,서초1동%20장꼬방묵은김치찌개,https://m.place.naver.com/restaurant/11819292
카페커먼띵스,서초1동,1165051000,서초1동%20카페커먼띵스,https://m.place.naver.com/restaurant/37997082
버드나무집,서초1동,1165051000,서초1동%20버드나무집,https://m.place.naver.com/restaurant/11627634
종로회집,마천2동,1171055000,마천2동%20종로회집,https://m.place.naver.com/restaurant/20604347
미소에,마천2동,1171055000,마천2동%20미소에,https://m.place.naver.com/restaurant/781331410
어쭈구리,마천2동,1171055000,마천2동%20어쭈구리,https://m.place.naver.com/restaurant/50455081
화평동왕냉면마천점,마천2동,1171055000,마천2동%20화평동왕냉면마천점,https://m.place.naver.com/restaurant/20046569
커피가,마천2동,1171055000,마천2동%20커피가,https://m.place.naver.com/restaurant/1926465708
행님아,마천2동,1171055000,마천2동%20행님아,https://m.place.naver.com/restaurant/12961313
피자마루,마천2동,1171055000,마천2동%20피자마루,https://m.place.naver.com/restaurant/33409554
착한고기집,마천2동,1171055000,마천2동%20착한고기집,https://m.place.naver.com/restaurant/1171374866
명품에프앤비,천호3동,1174062000,천호3동%20명품에프앤비,https://m.place.naver.com/restaurant/1901054592
양도령숯불민물장어,천호3동,1174062000,천호3동%20양도령숯불민물장어,https://m.place.naver.com/restaurant/36071987
종로곱창닭갈비,천호3동,1174062000,천호3동%20종로곱창닭갈비,https://m.place.naver.com/restaurant/18918549
우미관,천호3동,1174062000,천호3동%20우미관,https://m.place.naver.com/restaurant/1168499942
혼밥선생,천호3동,1174062000,천호3동%20혼밥선생,https://m.place.naver.com/restaurant/1311780376
현대식당,천호3동,1174062000,천호3동%20현대식당,https://m.place.naver.com/restaurant/1347769273
커피볶는아침,천호3동,1174062000,천호3동%20커피볶는아침,https://m.place.naver.com/restaurant/1911416200
만랩커피강동ECT점,천호3동,1174062000,천호3동%20만랩커피강동ECT점,https://m.place.naver.com/restaurant/1594983142
탑스치킨호프,천호3동,1174062000,천호3동%20탑스치킨호프,https://m.place.naver.com/restaurant/321004762
제일,무악동,1111057000,무악동%20제일,https://m.place.naver.com/restaurant/12285123
카페다커피,무악동,1111057000,무악동%20카페다커피,https://m.place.naver.com/restaurant/1206556385
픽미픽미아이스종로,무악동,1111057000,무악동%20픽미픽미아이스종로,https://m.place.naver.com/restaurant/1812448474
진미식당,무악동,1111057000,무악동%20진미식당,https://m.place.naver.com/restaurant/1566638899
미스터브리즈커피,무악동,1111057000,무악동%20미스터브리즈커피,https://m.place.naver.com/restaurant/34666084
옛날순대,무악동,1111057000,무악동%20옛날순대,https://m.place.naver.com/restaurant/36802991
짱구떡볶이,무악동,1111057000,무악동%20짱구떡볶이,https://m.place.naver.com/restaurant/1516616305
전주식당,무악동,1111057000,무악동%20전주식당,https://m.place.naver.com/restaurant/1090354371
뚜레쥬르독립문역,무악동,1111057000,무악동%20뚜레쥬르독립문역,https://m.place.naver.com/restaurant/13403349
연희김밥,무악동,1111057000,무악동%20연희김밥,https://m.place.naver.com/restaurant/1575698021
우주라이크커피,무악동,1111057000,무악동%20우주라이크커피,https://m.place.naver.com/restaurant/1841504939
카페더파크,무악동,1111057000,무악동%20카페더파크,https://m.place.naver.com/restaurant/74621343
카페처음,무악동,1111057000,무악동%20카페처음,https://m.place.naver.com/restaurant/56023357
진미통닭,무악동,1111057000,무악동%20진미통닭,https://m.place.naver.com/restaurant/20921274
파파존스피자,무악동,1111057000,무악동%20파파존스피자,https://m.place.naver.com/restaurant/13397551
덕송,무악동,1111057000,무악동%20덕송,https://m.place.naver.com/restaurant/18687502
앗싸복만두,무악동,1111057000,무악동%20앗싸복만두,https://m.place.naver.com/restaurant/1111267244
돈박,무악동,1111057000,무악동%20돈박,https://m.place.naver.com/restaurant/34882546
유진,무악동,1111057000,무악동%20유진,https://m.place.naver.com/restaurant/436346803
싱글,무악동,1111057000,무악동%20싱글,https://m.place.naver.com/restaurant/1941366730
영천생고기,무악동,1111057000,무악동%20영천생고기,https://m.place.naver.com/restaurant/1604020767
이디야커피,무악동,1111057000,무악동%20이디야커피,https://m.place.naver.com/restaurant/1621792458
썬더치킨,무악동,1111057000,무악동%20썬더치킨,https://m.place.naver.com/restaurant/1872591785
다복떡방,무악동,1111057000,무악동%20다복떡방,https://m.place.naver.com/restaurant/17998252
참나라숯불바베큐,무악동,1111057000,무악동%20참나라숯불바베큐,https://m.place.naver.com/restaurant/38276276
올바른식당,무악동,1111057000,무악동%20올바른식당,https://m.place.naver.com/restaurant/1490476601
청년피자,무악동,1111057000,무악동%20청년피자,https://m.place.naver.com/restaurant/1314736688
소보로식당,무악동,1111057000,무악동%20소보로식당,https://m.place.naver.com/restaurant/1598740374
꽈로플,무악동,1111057000,무악동%20꽈로플,https://m.place.naver.com/restaurant/1842181388
블루벨케이크,무악동,1111057000,무악동%20블루벨케이크,https://m.place.naver.com/restaurant/1146425689
카페,무악동,1111057000,무악동%20카페,https://m.place.naver.com/restaurant/1045061338
따순초밥,무악동,1111057000,무악동%20따순초밥,https://m.place.naver.com/restaurant/1479235981
컴포즈커피,무악동,1111057000,무악동%20컴포즈커피,https://m.place.naver.com/restaurant/1415445365
오달매,무악동,1111057000,무악동%20오달매,https://m.place.naver.com/restaurant/1453993604
베이커리립,무악동,1111057000,무악동%20베이커리립,https://m.place.naver.com/restaurant/1045061338
로즈,수서동,1168075000,수서동%20로즈,https://m.place.naver.com/restaurant/18851513
올리브,수서동,1168075000,수서동%20올리브,https://m.place.naver.com/restaurant/37053426
하나은행,수서동,1168075000,수서동%20하나은행,https://m.place.naver.com/restaurant/11640482
59년왕십리포차,수서동,1168075000,수서동%2059년왕십리포차,https://m.place.naver.com/restaurant/38522219
한스,수서동,1168075000,수서동%20한스,https://m.place.naver.com/restaurant/1307111978
황금유황오리전문점부추덕,수서동,1168075000,수서동%20황금유황오리전문점부추덕,https://m.place.naver.com/restaurant/38325686
종로분식식당,수서동,1168075000,수서동%20종로분식식당,https://m.place.naver.com/restaurant/20310991
해피데이,수서동,1168075000,수서동%20해피데이,https://m.place.naver.com/restaurant/1977198481
24시뼈다귀해장국,수서동,1168075000,수서동%2024시뼈다귀해장국,https://m.place.naver.com/restaurant/32110336
커피가좋아,수서동,1168075000,수서동%20커피가좋아,https://m.place.naver.com/restaurant/1094520374
버거킹,수서동,1168075000,수서동%20버거킹,https://m.place.naver.com/restaurant/11629428
청국장과보리밥,수서동,1168075000,수서동%20청국장과보리밥,https://m.place.naver.com/restaurant/19578423
엠엠티에이치커피,수서동,1168075000,수서동%20엠엠티에이치커피,https://m.place.naver.com/restaurant/1219121758
탐스런,수서동,1168075000,수서동%20탐스런,https://m.place.naver.com/restaurant/1733222339
수서골목냉면,수서동,1168075000,수서동%20수서골목냉면,https://m.place.naver.com/restaurant/254441721
박군치킨강남수서점,수서동,1168075000,수서동%20박군치킨강남수서점,https://m.place.naver.com/restaurant/1159753438
황태명가,수서동,1168075000,수서동%20황태명가,https://m.place.naver.com/restaurant/1648588341
설송원,수서동,1168075000,수서동%20설송원,https://m.place.naver.com/restaurant/33860870
백채김치찌개,수서동,1168075000,수서동%20백채김치찌개,https://m.place.naver.com/restaurant/1090997672
써브웨이,수서동,1168075000,수서동%20써브웨이,https://m.place.naver.com/restaurant/1055683734
커피빈,수서동,1168075000,수서동%20커피빈,https://m.place.naver.com/restaurant/1117745339
공차,수서동,1168075000,수서동%20공차,https://m.place.naver.com/restaurant/1619038940
가야,수서동,1168075000,수서동%20가야,https://m.place.naver.com/restaurant/1959712598
수서골실내포장마차,수서동,1168075000,수서동%20수서골실내포장마차,https://m.place.naver.com/restaurant/20619249
세광양대창,수서동,1168075000,수서동%20세광양대창,https://m.place.naver.com/restaurant/1261934721
샤크,수서동,1168075000,수서동%20샤크,https://m.place.naver.com/restaurant/1652714403
생활맥주,수서동,1168075000,수서동%20생활맥주,https://m.place.naver.com/restaurant/1849508307
코칭,수서동,1168075000,수서동%20코칭,https://m.place.naver.com/restaurant/35895473
동대문엽기떡볶이,수서동,1168075000,수서동%20동대문엽기떡볶이,https://m.place.naver.com/restaurant/37536954
붕크,수서동,1168075000,수서동%20붕크,https://m.place.naver.com/restaurant/32489712
코코호도,수서동,1168075000,수서동%20코코호도,https://m.place.naver.com/restaurant/37585984
더리얼펍,수서동,1168075000,수서동%20더리얼펍,https://m.place.naver.com/restaurant/20780735
베레푸드서래향,수서동,1168075000,수서동%20베레푸드서래향,https://m.place.naver.com/restaurant/185342164
와후진,수서동,1168075000,수서동%20와후진,https://m.place.naver.com/restaurant/18543163
쎄바,수서동,1168075000,수서동%20쎄바,https://m.place.naver.com/restaurant/1145227034
매머드익스프레스수서로즈데일점,수서동,1168075000,수서동%20매머드익스프레스수서로즈데일점,https://m.place.naver.com/restaurant/1219121758
스시야,수서동,1168075000,수서동%20스시야,https://m.place.naver.com/restaurant/1935878843
멘토,수서동,1168075000,수서동%20멘토,https://m.place.naver.com/restaurant/1375849177
군산오징어,수서동,1168075000,수서동%20군산오징어,https://m.place.naver.com/restaurant/37903454
일번지,수서동,1168075000,수서동%20일번지,https://m.place.naver.com/restaurant/894175170
둘둘치킨,수서동,1168075000,수서동%20둘둘치킨,https://m.place.naver.com/restaurant/1330641410
계경순대국,수서동,1168075000,수서동%20계경순대국,https://m.place.naver.com/restaurant/1619334385
멕시카나,수서동,1168075000,수서동%20멕시카나,https://m.place.naver.com/restaurant/18541938
오뎅,수서동,1168075000,수서동%20오뎅,https://m.place.naver.com/restaurant/37536954
lamp,수서동,1168075000,수서동%20lamp,https://m.place.naver.com/restaurant/36542952
육전면,수서동,1168075000,수서동%20육전면,https://m.place.naver.com/restaurant/1952372176
포장마차,수서동,1168075000,수서동%20포장마차,https://m.place.naver.com/restaurant/31402212
다채,수서동,1168075000,수서동%20다채,https://m.place.naver.com/restaurant/1458986015
의정부부대찌개,수서동,1168075000,수서동%20의정부부대찌개,https://m.place.naver.com/restaurant/18507332
금촌사골순대,수서동,1168075000,수서동%20금촌사골순대,https://m.place.naver.com/restaurant/35978135
할리스커피,수서동,1168075000,수서동%20할리스커피,https://m.place.naver.com/restaurant/37716827
우공뭉티기수서,수서동,1168075000,수서동%20우공뭉티기수서,https://m.place.naver.com/restaurant/1132073624
카페,수서동,1168075000,수서동%20카페,https://m.place.naver.com/restaurant/1508859870
스미식당,수서동,1168075000,수서동%20스미식당,https://m.place.naver.com/restaurant/1559218525
장흥칼국수,수서동,1168075000,수서동%20장흥칼국수,https://m.place.naver.com/restaurant/1002511643
육대장,수서동,1168075000,수서동%20육대장,https://m.place.naver.com/restaurant/1464928270
신금호떡집,금호2.3가동,1120061500,금호2.3가동%20신금호떡집,https://m.place.naver.com/restaurant/1326743252
노바,금호2.3가동,1120061500,금호2.3가동%20노바,https://m.place.naver.com/restaurant/33876237
고향냉면,금호2.3가동,1120061500,금호2.3가동%20고향냉면,https://m.place.naver.com/restaurant/11731706
진미곱창,금호2.3가동,1120061500,금호2.3가동%20진미곱창,https://m.place.naver.com/restaurant/32625322
틈새,금호2.3가동,1120061500,금호2.3가동%20틈새,https://m.place.naver.com/restaurant/1939134049
커피에반하다,금호2.3가동,1120061500,금호2.3가동%20커피에반하다,https://m.place.naver.com/restaurant/35458140
강정의달인,금호2.3가동,1120061500,금호2.3가동%20강정의달인,https://m.place.naver.com/restaurant/1192696818
금호닭집,금호2.3가동,1120061500,금호2.3가동%20금호닭집,https://m.place.naver.com/restaurant/1905466294
장군장어,금호2.3가동,1120061500,금호2.3가동%20장군장어,https://m.place.naver.com/restaurant/1773138032
뚱이감자탕,금호2.3가동,1120061500,금호2.3가동%20뚱이감자탕,https://m.place.naver.com/restaurant/36637008
금호족발,금호2.3가동,1120061500,금호2.3가동%20금호족발,https://m.place.naver.com/restaurant/37244217
쾌걸쭈꾸미,금호2.3가동,1120061500,금호2.3가동%20쾌걸쭈꾸미,https://m.place.naver.com/restaurant/1229300953
금호동비원,금호2.3가동,1120061500,금호2.3가동%20금호동비원,https://m.place.naver.com/restaurant/1133353112
금호포차,금호2.3가동,1120061500,금호2.3가동%20금호포차,https://m.place.naver.com/restaurant/1662624464
튜니호프,금호2.3가동,1120061500,금호2.3가동%20튜니호프,https://m.place.naver.com/restaurant/1738674028
봉봉토스트,금호2.3가동,1120061500,금호2.3가동%20봉봉토스트,https://m.place.naver.com/restaurant/1452151914
앂아로마,금호2.3가동,1120061500,금호2.3가동%20앂아로마,https://m.place.naver.com/restaurant/1787501278
에이스,금호2.3가동,1120061500,금호2.3가동%20에이스,https://m.place.naver.com/restaurant/37719181
금호식당,금호2.3가동,1120061500,금호2.3가동%20금호식당,https://m.place.naver.com/restaurant/1017044179
땅스부대찌개,금호2.3가동,1120061500,금호2.3가동%20땅스부대찌개,https://m.place.naver.com/restaurant/1178993875
이모네,금호2.3가동,1120061500,금호2.3가동%20이모네,https://m.place.naver.com/restaurant/12073444
코끼리냉면손칼국수,금호2.3가동,1120061500,금호2.3가동%20코끼리냉면손칼국수,https://m.place.naver.com/restaurant/137637975
투썸플레이스금호하이리버점금호하이리버점,금호2.3가동,1120061500,금호2.3가동%20투썸플레이스금호하이리버점금호하이리버점,https://m.place.naver.com/restaurant/33445697
금호유치원,금호2.3가동,1120061500,금호2.3가동%20금호유치원,https://m.place.naver.com/restaurant/13308420
소머리국밥,금호2.3가동,1120061500,금호2.3가동%20소머리국밥,https://m.place.naver.com/restaurant/1759637166
미탄,금호2.3가동,1120061500,금호2.3가동%20미탄,https://m.place.naver.com/restaurant/1023728596
키친오늘,금호2.3가동,1120061500,금호2.3가동%20키친오늘,https://m.place.naver.com/restaurant/1970313827
레몬드,금호2.3가동,1120061500,금호2.3가동%20레몬드,https://m.place.naver.com/restaurant/1456676957
페리카나금호로타리점,금호2.3가동,1120061500,금호2.3가동%20페리카나금호로타리점,https://m.place.naver.com/restaurant/11799955
침착하고느린손,금호2.3가동,1120061500,금호2.3가동%20침착하고느린손,https://m.place.naver.com/restaurant/1203575166
밥이맛있는집,금호2.3가동,1120061500,금호2.3가동%20밥이맛있는집,https://m.place.naver.com/restaurant/1080374135
신금호회떠주는집,금호2.3가동,1120061500,금호2.3가동%20신금호회떠주는집,https://m.place.naver.com/restaurant/1160208021
카페,금호2.3가동,1120061500,금호2.3가동%20카페,https://m.place.naver.com/restaurant/1354080341
길동우동,금호2.3가동,1120061500,금호2.3가동%20길동우동,https://m.place.naver.com/restaurant/1467157943
금호동순대국,금호2.3가동,1120061500,금호2.3가동%20금호동순대국,https://m.place.naver.com/restaurant/31396416
포마토김밥,금호2.3가동,1120061500,금호2.3가동%20포마토김밥,https://m.place.naver.com/restaurant/316685262
백채,금호2.3가동,1120061500,금호2.3가동%20백채,https://m.place.naver.com/restaurant/1207670608
만리장성,금호2.3가동,1120061500,금호2.3가동%20만리장성,https://m.place.naver.com/restaurant/31105240
가뱅,금호2.3가동,1120061500,금호2.3가동%20가뱅,https://m.place.naver.com/restaurant/1316906121
이디야커피신금호역점,금호2.3가동,1120061500,금호2.3가동%20이디야커피신금호역점,https://m.place.naver.com/restaurant/1583432328
쿨쉽,금호2.3가동,1120061500,금호2.3가동%20쿨쉽,https://m.place.naver.com/restaurant/1395455721
전잔치,금호2.3가동,1120061500,금호2.3가동%20전잔치,https://m.place.naver.com/restaurant/1106777933
큰집빈대떡포차,금호2.3가동,1120061500,금호2.3가동%20큰집빈대떡포차,https://m.place.naver.com/restaurant/1147809890
파리바게뜨신금호역점,금호2.3가동,1120061500,금호2.3가동%20파리바게뜨신금호역점,https://m.place.naver.com/restaurant/36948975
뚝방전설,금호2.3가동,1120061500,금호2.3가동%20뚝방전설,https://m.place.naver.com/restaurant/34565276
뚱이식당,금호2.3가동,1120061500,금호2.3가동%20뚱이식당,https://m.place.naver.com/restaurant/36637008
목포옻닭,금호2.3가동,1120061500,금호2.3가동%20목포옻닭,https://m.place.naver.com/restaurant/37420307
지은,금호2.3가동,1120061500,금호2.3가동%20지은,https://m.place.naver.com/restaurant/1960267853
해마로숯불바베큐,금호2.3가동,1120061500,금호2.3가동%20해마로숯불바베큐,https://m.place.naver.com/restaurant/35263387
스시옥,금호2.3가동,1120061500,금호2.3가동%20스시옥,https://m.place.naver.com/restaurant/1367082496
서박사부대찌개,금호2.3가동,1120061500,금호2.3가동%20서박사부대찌개,https://m.place.naver.com/restaurant/1997664345
로이,금호2.3가동,1120061500,금호2.3가동%20로이,https://m.place.naver.com/restaurant/33451263
스쿨푸드금호딜리버리,금호2.3가동,1120061500,금호2.3가동%20스쿨푸드금호딜리버리,https://m.place.naver.com/restaurant/191236681
바우골곱창,금호2.3가동,1120061500,금호2.3가동%20바우골곱창,https://m.place.naver.com/restaurant/13449664
온더온,금호2.3가동,1120061500,금호2.3가동%20온더온,https://m.place.naver.com/restaurant/1786216101
맛있는술집,금호2.3가동,1120061500,금호2.3가동%20맛있는술집,https://m.place.naver.com/restaurant/1895498595
옛날떡볶이,금호2.3가동,1120061500,금호2.3가동%20옛날떡볶이,https://m.place.naver.com/restaurant/1192314511
노바일식,금호2.3가동,1120061500,금호2.3가동%20노바일식,https://m.place.naver.com/restaurant/33876237
호식이두마리치킨성내점,성내3동,1174066000,성내3동%20호식이두마리치킨성내점,https://m.place.naver.com/restaurant/31399536
지젤,성내3동,1174066000,성내3동%20지젤,https://m.place.naver.com/restaurant/20621134
나무하우스,성내3동,1174066000,성내3동%20나무하우스,https://m.place.naver.com/restaurant/34616269
벌교웰빙꼬막,성내3동,1174066000,성내3동%20벌교웰빙꼬막,https://m.place.naver.com/restaurant/1153712104
뚜레쥬르,성내3동,1174066000,성내3동%20뚜레쥬르,https://m.place.naver.com/restaurant/1935024892
365포차,성내3동,1174066000,성내3동%20365포차,https://m.place.naver.com/restaurant/32333191
정화네칼국수,성내3동,1174066000,성내3동%20정화네칼국수,https://m.place.naver.com/restaurant/1013642628
영덕회직판장,성내3동,1174066000,성내3동%20영덕회직판장,https://m.place.naver.com/restaurant/1973085946
해촌식당,성내3동,1174066000,성내3동%20해촌식당,https://m.place.naver.com/restaurant/1577279921
이디야커피,성내3동,1174066000,성내3동%20이디야커피,https://m.place.naver.com/restaurant/1491841454
한양소머리국밥,성내3동,1174066000,성내3동%20한양소머리국밥,https://m.place.naver.com/restaurant/1767371069
놀숲둔촌역점,성내3동,1174066000,성내3동%20놀숲둔촌역점,https://m.place.naver.com/restaurant/66750600
세꼬시,성내3동,1174066000,성내3동%20세꼬시,https://m.place.naver.com/restaurant/18614990
다모아먹자집,성내3동,1174066000,성내3동%20다모아먹자집,https://m.place.naver.com/restaurant/1936325793
감성주점,성내3동,1174066000,성내3동%20감성주점,https://m.place.naver.com/restaurant/1448065509
이브,성내3동,1174066000,성내3동%20이브,https://m.place.naver.com/restaurant/35452253
콩두,성내3동,1174066000,성내3동%20콩두,https://m.place.naver.com/restaurant/781453114
따뜻한밥상,성내3동,1174066000,성내3동%20따뜻한밥상,https://m.place.naver.com/restaurant/647309928
자연담김밥,성내3동,1174066000,성내3동%20자연담김밥,https://m.place.naver.com/restaurant/535538749
HappyTogether,성내3동,1174066000,성내3동%20HappyTogether,https://m.place.naver.com/restaurant/43242522
보성갈비,성내3동,1174066000,성내3동%20보성갈비,https://m.place.naver.com/restaurant/300580112
이모네,성내3동,1174066000,성내3동%20이모네,https://m.place.naver.com/restaurant/1600698892
더버스스탑,성내3동,1174066000,성내3동%20더버스스탑,https://m.place.naver.com/restaurant/1359317414
더위스키,성내3동,1174066000,성내3동%20더위스키,https://m.place.naver.com/restaurant/1501334617
이태원삼겹,성내3동,1174066000,성내3동%20이태원삼겹,https://m.place.naver.com/restaurant/1610957145
서울포차,성내3동,1174066000,성내3동%20서울포차,https://m.place.naver.com/restaurant/1583390613
보정황소곱창,성내3동,1174066000,성내3동%20보정황소곱창,https://m.place.naver.com/restaurant/1808739630
카페,성내3동,1174066000,성내3동%20카페,https://m.place.naver.com/restaurant/1067105922
김가네,성내3동,1174066000,성내3동%20김가네,https://m.place.naver.com/restaurant/13428146
스터디카페36.5,성내3동,1174066000,성내3동%20스터디카페36.5,https://m.place.naver.com/restaurant/1186056839
고모네콩탕,성내3동,1174066000,성내3동%20고모네콩탕,https://m.place.naver.com/restaurant/11598207
피자나라치킨공주,성내3동,1174066000,성내3동%20피자나라치킨공주,https://m.place.naver.com/restaurant/1439935778
장터국수,성내3동,1174066000,성내3동%20장터국수,https://m.place.naver.com/restaurant/1424587043
던킨도너츠,성내3동,1174066000,성내3동%20던킨도너츠,https://m.place.naver.com/restaurant/11803490
두마리찜닭두찜,성내3동,1174066000,성내3동%20두마리찜닭두찜,https://m.place.naver.com/restaurant/1563205101
삼웅수산회산오징어,성내3동,1174066000,성내3동%20삼웅수산회산오징어,https://m.place.naver.com/restaurant/815194664
역전할머니맥주,성내3동,1174066000,성내3동%20역전할머니맥주,https://m.place.naver.com/restaurant/1893946805
푸라닭치킨,성내3동,1174066000,성내3동%20푸라닭치킨,https://m.place.naver.com/restaurant/1420411231
추억만들기,성내3동,1174066000,성내3동%20추억만들기,https://m.place.naver.com/restaurant/1301286452
쿠스범스,성내3동,1174066000,성내3동%20쿠스범스,https://m.place.naver.com/restaurant/1249529466
이디야커피,성내3동,1174066000,성내3동%20이디야커피,https://m.place.naver.com/restaurant/1491841454
코스닥호프,성내3동,1174066000,성내3동%20코스닥호프,https://m.place.naver.com/restaurant/1514454506
비턴,성내3동,1174066000,성내3동%20비턴,https://m.place.naver.com/restaurant/34565634
시월애,성내3동,1174066000,성내3동%20시월애,https://m.place.naver.com/restaurant/38275802
포포앤미루강동점,성내3동,1174066000,성내3동%20포포앤미루강동점,https://m.place.naver.com/restaurant/36663787
마린파스타,성내3동,1174066000,성내3동%20마린파스타,https://m.place.naver.com/restaurant/1597415612
김밥천국,성내3동,1174066000,성내3동%20김밥천국,https://m.place.naver.com/restaurant/34787400
장터국수,성내3동,1174066000,성내3동%20장터국수,https://m.place.naver.com/restaurant/1424587043
배스킨라빈스31둔촌역점,성내3동,1174066000,성내3동%20배스킨라빈스31둔촌역점,https://m.place.naver.com/restaurant/11489267
종로떡집,성내3동,1174066000,성내3동%20종로떡집,https://m.place.naver.com/restaurant/37818107
장비,성내3동,1174066000,성내3동%20장비,https://m.place.naver.com/restaurant/11712951
광모네쭈꾸미,성내3동,1174066000,성내3동%20광모네쭈꾸미,https://m.place.naver.com/restaurant/18622443
송림,성내3동,1174066000,성내3동%20송림,https://m.place.naver.com/restaurant/18658300
낙원떡집,성내3동,1174066000,성내3동%20낙원떡집,https://m.place.naver.com/restaurant/13511195
원조성내볼데기,성내3동,1174066000,성내3동%20원조성내볼데기,https://m.place.naver.com/restaurant/13151917
산오징어,성내3동,1174066000,성내3동%20산오징어,https://m.place.naver.com/restaurant/815194664
본죽,성내3동,1174066000,성내3동%20본죽,https://m.place.naver.com/restaurant/11616105
토비아스,성내3동,1174066000,성내3동%20토비아스,https://m.place.naver.com/restaurant/1308626245
미드데이썬,성내3동,1174066000,성내3동%20미드데이썬,https://m.place.naver.com/restaurant/1067105922
리버스로스터,신월3동,1147058000,신월3동%20리버스로스터,https://m.place.naver.com/restaurant/37434591
꼬꼬하우스,신월3동,1147058000,신월3동%20꼬꼬하우스,https://m.place.naver.com/restaurant/38244570
호치킨,신월3동,1147058000,신월3동%20호치킨,https://m.place.naver.com/restaurant/18431911
에이파스타,신월3동,1147058000,신월3동%20에이파스타,https://m.place.naver.com/restaurant/1731485190
돈우리,신월3동,1147058000,신월3동%20돈우리,https://m.place.naver.com/restaurant/18839862
부산돼지국밥,신월3동,1147058000,신월3동%20부산돼지국밥,https://m.place.naver.com/restaurant/31397829
어머나곱창,신월3동,1147058000,신월3동%20어머나곱창,https://m.place.naver.com/restaurant/37883972
황학동곱창,신월3동,1147058000,신월3동%20황학동곱창,https://m.place.naver.com/restaurant/1343958187
투고,대방동,1159066000,대방동%20투고,https://m.place.naver.com/restaurant/1593662755
마포갈비,대방동,1159066000,대방동%20마포갈비,https://m.place.naver.com/restaurant/18737275
카페,대방동,1159066000,대방동%20카페,https://m.place.naver.com/restaurant/1566754878
보성녹돈초록애,대방동,1159066000,대방동%20보성녹돈초록애,https://m.place.naver.com/restaurant/12054228
지하철,종로5.6가동,1111063000,종로5.6가동%20지하철,https://m.place.naver.com/restaurant/13479743
길가온,종로5.6가동,1111063000,종로5.6가동%20길가온,https://m.place.naver.com/restaurant/31454202
보스,종로5.6가동,1111063000,종로5.6가동%20보스,https://m.place.naver.com/restaurant/31390884
갈비명가,가락2동,1171063200,가락2동%20갈비명가,https://m.place.naver.com/restaurant/37813416
cafededartagnan,가락2동,1171063200,가락2동%20cafededartagnan,https://m.place.naver.com/restaurant/1884782760
커피그래픽,가락2동,1171063200,가락2동%20커피그래픽,https://m.place.naver.com/restaurant/1904161543
낙지세상,가락2동,1171063200,가락2동%20낙지세상,https://m.place.naver.com/restaurant/37684345
네네치킨,가락2동,1171063200,가락2동%20네네치킨,https://m.place.naver.com/restaurant/32434885
마이웨이라이브,가락2동,1171063200,가락2동%20마이웨이라이브,https://m.place.naver.com/restaurant/31887223
험블커피,가락2동,1171063200,가락2동%20험블커피,https://m.place.naver.com/restaurant/1111207124
도미노피자,문래동,1156060500,문래동%20도미노피자,https://m.place.naver.com/restaurant/11622878
서울특별시남부교육지원청,문래동,1156060500,문래동%20서울특별시남부교육지원청,https://m.place.naver.com/restaurant/11630855
문래식당,문래동,1156060500,문래동%20문래식당,https://m.place.naver.com/restaurant/20630549
가정식백반,문래동,1156060500,문래동%20가정식백반,https://m.place.naver.com/restaurant/37676562
김밥천국,문래동,1156060500,문래동%20김밥천국,https://m.place.naver.com/restaurant/1040292371
스타벅스,문래동,1156060500,문래동%20스타벅스,https://m.place.naver.com/restaurant/35958022
러스트베이커리,문래동,1156060500,문래동%20러스트베이커리,https://m.place.naver.com/restaurant/1580770357
교동전선생,문래동,1156060500,문래동%20교동전선생,https://m.place.naver.com/restaurant/1138910196
보사노바커피로스터스,문래동,1156060500,문래동%20보사노바커피로스터스,https://m.place.naver.com/restaurant/946794373
밀밭,문래동,1156060500,문래동%20밀밭,https://m.place.naver.com/restaurant/19773896
맛있는고기집,문래동,1156060500,문래동%20맛있는고기집,https://m.place.naver.com/restaurant/1077302467
송어의꿈,문래동,1156060500,문래동%20송어의꿈,https://m.place.naver.com/restaurant/1964580203
슈가맨,문래동,1156060500,문래동%20슈가맨,https://m.place.naver.com/restaurant/1583398617
청춘반점,문래동,1156060500,문래동%20청춘반점,https://m.place.naver.com/restaurant/33093438
카페1953위드오드리,문래동,1156060500,문래동%20카페1953위드오드리,https://m.place.naver.com/restaurant/1824067776
홈,문래동,1156060500,문래동%20홈,https://m.place.naver.com/restaurant/1413106277
칭차이,문래동,1156060500,문래동%20칭차이,https://m.place.naver.com/restaurant/1598995346
형제조각,문래동,1156060500,문래동%20형제조각,https://m.place.naver.com/restaurant/1418155092
스타벅스,문래동,1156060500,문래동%20스타벅스,https://m.place.naver.com/restaurant/35958022
불탄집아곤,문래동,1156060500,문래동%20불탄집아곤,https://m.place.naver.com/restaurant/38563813
이모네포차,문래동,1156060500,문래동%20이모네포차,https://m.place.naver.com/restaurant/
마츠리,문래동,1156060500,문래동%20마츠리,https://m.place.naver.com/restaurant/919145177
교동전선생,문래동,1156060500,문래동%20교동전선생,https://m.place.naver.com/restaurant/1138910196
동대문엽기떡볶이문래점,문래동,1156060500,문래동%20동대문엽기떡볶이문래점,https://m.place.naver.com/restaurant/1559778602
얌샘김밥문래하이테크점,문래동,1156060500,문래동%20얌샘김밥문래하이테크점,https://m.place.naver.com/restaurant/296611563
갈빗,문래동,1156060500,문래동%20갈빗,https://m.place.naver.com/restaurant/1600748627
24시전주콩나물국밥,문래동,1156060500,문래동%2024시전주콩나물국밥,https://m.place.naver.com/restaurant/678768819
육수당,문래동,1156060500,문래동%20육수당,https://m.place.naver.com/restaurant/197508050
능이버섯백숙삼계탕,문래동,1156060500,문래동%20능이버섯백숙삼계탕,https://m.place.naver.com/restaurant/18630536
매머드커피익스프레스,문래동,1156060500,문래동%20매머드커피익스프레스,https://m.place.naver.com/restaurant/1582994921
엔제리너스,문래동,1156060500,문래동%20엔제리너스,https://m.place.naver.com/restaurant/36651897
시골청국장시골된장찌개,문래동,1156060500,문래동%20시골청국장시골된장찌개,https://m.place.naver.com/restaurant/20643328
물래,문래동,1156060500,문래동%20물래,https://m.place.naver.com/restaurant/1820335262
JK아트컨벤션뷔페,문래동,1156060500,문래동%20JK아트컨벤션뷔페,https://m.place.naver.com/restaurant/1897374821
신토불이소머리국밥,문래동,1156060500,문래동%20신토불이소머리국밥,https://m.place.naver.com/restaurant/20935974
대관령,문래동,1156060500,문래동%20대관령,https://m.place.naver.com/restaurant/1359719608
커피니,문래동,1156060500,문래동%20커피니,https://m.place.naver.com/restaurant/37441670
궁중해물손칼국수,문래동,1156060500,문래동%20궁중해물손칼국수,https://m.place.naver.com/restaurant/32716199
문래동초밥집,문래동,1156060500,문래동%20문래동초밥집,https://m.place.naver.com/restaurant/1183163814
굽네치킨,문래동,1156060500,문래동%20굽네치킨,https://m.place.naver.com/restaurant/12980542
오유미당,문래동,1156060500,문래동%20오유미당,https://m.place.naver.com/restaurant/1233521192
팝핀돼지,문래동,1156060500,문래동%20팝핀돼지,https://m.place.naver.com/restaurant/1867492368
커피사피엔스,문래동,1156060500,문래동%20커피사피엔스,https://m.place.naver.com/restaurant/1071232416
아라부대찌개,문래동,1156060500,문래동%20아라부대찌개,https://m.place.naver.com/restaurant/1553385071
명륜진사갈비,문래동,1156060500,문래동%20명륜진사갈비,https://m.place.naver.com/restaurant/1756781058
등촌샤브칼국수,문래동,1156060500,문래동%20등촌샤브칼국수,https://m.place.naver.com/restaurant/13158387
원조부안집,문래동,1156060500,문래동%20원조부안집,https://m.place.naver.com/restaurant/1715258205
카페솔트,문래동,1156060500,문래동%20카페솔트,https://m.place.naver.com/restaurant/1518774312
육전면사무소,문래동,1156060500,문래동%20육전면사무소,https://m.place.naver.com/restaurant/20800286
양키통닭,문래동,1156060500,문래동%20양키통닭,https://m.place.naver.com/restaurant/1629986578
셀프카페아인,문래동,1156060500,문래동%20셀프카페아인,https://m.place.naver.com/restaurant/1460871579
불타는형제들,문래동,1156060500,문래동%20불타는형제들,https://m.place.naver.com/restaurant/1235947785
최첨단,문래동,1156060500,문래동%20최첨단,https://m.place.naver.com/restaurant/1039112204
돈꼬불,문래동,1156060500,문래동%20돈꼬불,https://m.place.naver.com/restaurant/1548319245
두마리찜닭두찜,문래동,1156060500,문래동%20두마리찜닭두찜,https://m.place.naver.com/restaurant/1392957872
현대식당,문래동,1156060500,문래동%20현대식당,https://m.place.naver.com/restaurant/1218325998
카페에스토,문래동,1156060500,문래동%20카페에스토,https://m.place.naver.com/restaurant/20913073
분식포장마차,문래동,1156060500,문래동%20분식포장마차,https://m.place.naver.com/restaurant/1021272081
스타호프,신월2동,1147057000,신월2동%20스타호프,https://m.place.naver.com/restaurant/20891755
김밥사랑,신월2동,1147057000,신월2동%20김밥사랑,https://m.place.naver.com/restaurant/18833474
카페73,신월2동,1147057000,신월2동%20카페73,https://m.place.naver.com/restaurant/37471509
공주밤빵커피왕자,신월2동,1147057000,신월2동%20공주밤빵커피왕자,https://m.place.naver.com/restaurant/65371034
달빛떡방,신월2동,1147057000,신월2동%20달빛떡방,https://m.place.naver.com/restaurant/1189176145
은성가든,신월2동,1147057000,신월2동%20은성가든,https://m.place.naver.com/restaurant/34369238
소림마라,신월2동,1147057000,신월2동%20소림마라,https://m.place.naver.com/restaurant/1988764554
우미장,신월2동,1147057000,신월2동%20우미장,https://m.place.naver.com/restaurant/35272454
비라펍,신월2동,1147057000,신월2동%20비라펍,https://m.place.naver.com/restaurant/1550916069
대성통닭강정,신월2동,1147057000,신월2동%20대성통닭강정,https://m.place.naver.com/restaurant/36305279
모치골,신월2동,1147057000,신월2동%20모치골,https://m.place.naver.com/restaurant/12786278
힐링빈스,신월2동,1147057000,신월2동%20힐링빈스,https://m.place.naver.com/restaurant/1995176996
바우비어,신월2동,1147057000,신월2동%20바우비어,https://m.place.naver.com/restaurant/1040198301
베러댄와플,신월2동,1147057000,신월2동%20베러댄와플,https://m.place.naver.com/restaurant/1097707098
열혈분식,신월2동,1147057000,신월2동%20열혈분식,https://m.place.naver.com/restaurant/1770073543
교촌치킨,신월2동,1147057000,신월2동%20교촌치킨,https://m.place.naver.com/restaurant/11567298
픽미픽미아이스,신월2동,1147057000,신월2동%20픽미픽미아이스,https://m.place.naver.com/restaurant/1608615715
행복한집,신월2동,1147057000,신월2동%20행복한집,https://m.place.naver.com/restaurant/1895052382
파스타입니다,신월2동,1147057000,신월2동%20파스타입니다,https://m.place.naver.com/restaurant/1096200863
세명반점,신월2동,1147057000,신월2동%20세명반점,https://m.place.naver.com/restaurant/1985396330
나눔파티,신월2동,1147057000,신월2동%20나눔파티,https://m.place.naver.com/restaurant/1073507542
호떡,신월2동,1147057000,신월2동%20호떡,https://m.place.naver.com/restaurant/1515415086
멕시카나,신월2동,1147057000,신월2동%20멕시카나,https://m.place.naver.com/restaurant/1550540700
흥부가반해버리고놀부가기절한닭강정,신월2동,1147057000,신월2동%20흥부가반해버리고놀부가기절한닭강정,https://m.place.naver.com/restaurant/1910800456
델꾸와식빵,신월2동,1147057000,신월2동%20델꾸와식빵,https://m.place.naver.com/restaurant/1669979948
경초밥,신월2동,1147057000,신월2동%20경초밥,https://m.place.naver.com/restaurant/1704313700
사위떡집,신월2동,1147057000,신월2동%20사위떡집,https://m.place.naver.com/restaurant/1569833733
감동스시&사시미,신월2동,1147057000,신월2동%20감동스시&사시미,https://m.place.naver.com/restaurant/1823979720
커피쥬,신월2동,1147057000,신월2동%20커피쥬,https://m.place.naver.com/restaurant/1556563721
미선네아구찜,신월2동,1147057000,신월2동%20미선네아구찜,https://m.place.naver.com/restaurant/1363362174
자야포차,신월2동,1147057000,신월2동%20자야포차,https://m.place.naver.com/restaurant/36894090
맛난돈가스,신월2동,1147057000,신월2동%20맛난돈가스,https://m.place.naver.com/restaurant/1758216091
뉴소프트치킨,신월2동,1147057000,신월2동%20뉴소프트치킨,https://m.place.naver.com/restaurant/1976384739
미소식당,신월2동,1147057000,신월2동%20미소식당,https://m.place.naver.com/restaurant/37765360
우리토종삼계탕,신월2동,1147057000,신월2동%20우리토종삼계탕,https://m.place.naver.com/restaurant/18427908
커피그레이드,신월2동,1147057000,신월2동%20커피그레이드,https://m.place.naver.com/restaurant/1779352101
우리동네전집,신월2동,1147057000,신월2동%20우리동네전집,https://m.place.naver.com/restaurant/1113533696
매운국물떡볶이밀방떡,신월2동,1147057000,신월2동%20매운국물떡볶이밀방떡,https://m.place.naver.com/restaurant/1958875970
커피보니,신월2동,1147057000,신월2동%20커피보니,https://m.place.naver.com/restaurant/75786290
최프로,신월2동,1147057000,신월2동%20최프로,https://m.place.naver.com/restaurant/1262306874
황금수산,신월2동,1147057000,신월2동%20황금수산,https://m.place.naver.com/restaurant/1534431323
개미,신월2동,1147057000,신월2동%20개미,https://m.place.naver.com/restaurant/20914554
하우돈곱창,신월2동,1147057000,신월2동%20하우돈곱창,https://m.place.naver.com/restaurant/20895090
모두랑즉석떡볶이,신월2동,1147057000,신월2동%20모두랑즉석떡볶이,https://m.place.naver.com/restaurant/37064262
피자마루,신월2동,1147057000,신월2동%20피자마루,https://m.place.naver.com/restaurant/20336309
서울마님죽,신월2동,1147057000,신월2동%20서울마님죽,https://m.place.naver.com/restaurant/1669695234
도미노피자,신월2동,1147057000,신월2동%20도미노피자,https://m.place.naver.com/restaurant/10972156
명문식당,신월2동,1147057000,신월2동%20명문식당,https://m.place.naver.com/restaurant/20825789
카페하루,신월2동,1147057000,신월2동%20카페하루,https://m.place.naver.com/restaurant/37408563
호박촌,신월2동,1147057000,신월2동%20호박촌,https://m.place.naver.com/restaurant/1985158744
접시고기,신월2동,1147057000,신월2동%20접시고기,https://m.place.naver.com/restaurant/1084388465
셰프의돈까스,신월2동,1147057000,신월2동%20셰프의돈까스,https://m.place.naver.com/restaurant/1902233932
초밥한잎,신월2동,1147057000,신월2동%20초밥한잎,https://m.place.naver.com/restaurant/20215946
부자촌,대림3동,1156072000,대림3동%20부자촌,https://m.place.naver.com/restaurant/20824539
딱한잔호프,대림3동,1156072000,대림3동%20딱한잔호프,https://m.place.naver.com/restaurant/20878911
고향역,대림3동,1156072000,대림3동%20고향역,https://m.place.naver.com/restaurant/1283801751
마녀의컵플하우스,대림3동,1156072000,대림3동%20마녀의컵플하우스,https://m.place.naver.com/restaurant/1430182656
무진장쌈밥,대림3동,1156072000,대림3동%20무진장쌈밥,https://m.place.naver.com/restaurant/20905575
카페(CAFE)4776,대림3동,1156072000,대림3동%20카페(CAFE)4776,https://m.place.naver.com/restaurant/37748311
멕켄치킨,대림3동,1156072000,대림3동%20멕켄치킨,https://m.place.naver.com/restaurant/11689692
카페4776,대림3동,1156072000,대림3동%20카페4776,https://m.place.naver.com/restaurant/37748311
다솜,대림3동,1156072000,대림3동%20다솜,https://m.place.naver.com/restaurant/19836305
시따따손수타면,대림3동,1156072000,대림3동%20시따따손수타면,https://m.place.naver.com/restaurant/1449857631
동네사랑방,대림3동,1156072000,대림3동%20동네사랑방,https://m.place.naver.com/restaurant/18659793
아리랑호프,대림3동,1156072000,대림3동%20아리랑호프,https://m.place.naver.com/restaurant/20939870
다올,대림3동,1156072000,대림3동%20다올,https://m.place.naver.com/restaurant/1266999851
대림마당자리,대림3동,1156072000,대림3동%20대림마당자리,https://m.place.naver.com/restaurant/1171497743
진달래식당,대림3동,1156072000,대림3동%20진달래식당,https://m.place.naver.com/restaurant/36901303
쥬라기치킨,대림3동,1156072000,대림3동%20쥬라기치킨,https://m.place.naver.com/restaurant/1081419028
110양꼬치,대림3동,1156072000,대림3동%20110양꼬치,https://m.place.naver.com/restaurant/1105873142
동명수산,대림3동,1156072000,대림3동%20동명수산,https://m.place.naver.com/restaurant/684219443
CAFE봄날,대림3동,1156072000,대림3동%20CAFE봄날,https://m.place.naver.com/restaurant/1689240666
카페57,대림3동,1156072000,대림3동%20카페57,https://m.place.naver.com/restaurant/20628225
화룽마라룽샤,대림3동,1156072000,대림3동%20화룽마라룽샤,https://m.place.naver.com/restaurant/35734599
마라탕,대림3동,1156072000,대림3동%20마라탕,https://m.place.naver.com/restaurant/1548567975
카페다니엘,대림3동,1156072000,대림3동%20카페다니엘,https://m.place.naver.com/restaurant/1064458946
매운맛의유혹,대림3동,1156072000,대림3동%20매운맛의유혹,https://m.place.naver.com/restaurant/413696831
토프레소대림점,대림3동,1156072000,대림3동%20토프레소대림점,https://m.place.naver.com/restaurant/616095107
명품생고기전문점,대림3동,1156072000,대림3동%20명품생고기전문점,https://m.place.naver.com/restaurant/38014752
세미즈,대림3동,1156072000,대림3동%20세미즈,https://m.place.naver.com/restaurant/1090527226
성심기사식당,대림3동,1156072000,대림3동%20성심기사식당,https://m.place.naver.com/restaurant/18687208
자매정,대림3동,1156072000,대림3동%20자매정,https://m.place.naver.com/restaurant/1312121066
시온김밥,대림3동,1156072000,대림3동%20시온김밥,https://m.place.naver.com/restaurant/20894118
로또분식,대림3동,1156072000,대림3동%20로또분식,https://m.place.naver.com/restaurant/1962768506
충청도식당,대림3동,1156072000,대림3동%20충청도식당,https://m.place.naver.com/restaurant/1646521313
디디카페,대림3동,1156072000,대림3동%20디디카페,https://m.place.naver.com/restaurant/1084487668
더리터,대림3동,1156072000,대림3동%20더리터,https://m.place.naver.com/restaurant/1995063032
카페오늘,대림3동,1156072000,대림3동%20카페오늘,https://m.place.naver.com/restaurant/1233978809
수피아,대림3동,1156072000,대림3동%20수피아,https://m.place.naver.com/restaurant/1159223519
미가촌,대림3동,1156072000,대림3동%20미가촌,https://m.place.naver.com/restaurant/37349736
방스만두전골,대림3동,1156072000,대림3동%20방스만두전골,https://m.place.naver.com/restaurant/81545975
장군주먹고기,대림3동,1156072000,대림3동%20장군주먹고기,https://m.place.naver.com/restaurant/37270477
한끼한죽,대림3동,1156072000,대림3동%20한끼한죽,https://m.place.naver.com/restaurant/1948423666
러쉬,대림3동,1156072000,대림3동%20러쉬,https://m.place.naver.com/restaurant/1800446548
맛짱푸드,대림3동,1156072000,대림3동%20맛짱푸드,https://m.place.naver.com/restaurant/1032296855
투썸플레이스,대림3동,1156072000,대림3동%20투썸플레이스,https://m.place.naver.com/restaurant/1004983328
랑첸첸비꼬치훠궈,대림3동,1156072000,대림3동%20랑첸첸비꼬치훠궈,https://m.place.naver.com/restaurant/1422812652
쿠키굽는고양이,대림3동,1156072000,대림3동%20쿠키굽는고양이,https://m.place.naver.com/restaurant/1121738667
연길해연장국집,대림3동,1156072000,대림3동%20연길해연장국집,https://m.place.naver.com/restaurant/1082427572
옥이커피,대림3동,1156072000,대림3동%20옥이커피,https://m.place.naver.com/restaurant/1363534594
원조강뚝꼬치구이전문점,대림3동,1156072000,대림3동%20원조강뚝꼬치구이전문점,https://m.place.naver.com/restaurant/1235415626
키스,대림3동,1156072000,대림3동%20키스,https://m.place.naver.com/restaurant/1285443728
너를봄,대림3동,1156072000,대림3동%20너를봄,https://m.place.naver.com/restaurant/1567026425
강창구찹쌀진순대,대림3동,1156072000,대림3동%20강창구찹쌀진순대,https://m.place.naver.com/restaurant/37492073
무반나촌닭싱글푸드,대림3동,1156072000,대림3동%20무반나촌닭싱글푸드,https://m.place.naver.com/restaurant/1253300316
와이비양꼬치,대림3동,1156072000,대림3동%20와이비양꼬치,https://m.place.naver.com/restaurant/1032714133
전철호프,대림3동,1156072000,대림3동%20전철호프,https://m.place.naver.com/restaurant/1559512004
고고,구의3동,1121587000,구의3동%20고고,https://m.place.naver.com/restaurant/38676367
BHC치킨구의점,구의3동,1121587000,구의3동%20BHC치킨구의점,https://m.place.naver.com/restaurant/1646087842
코스트식당,구의3동,1121587000,구의3동%20코스트식당,https://m.place.naver.com/restaurant/1640118058
메이탄,구의3동,1121587000,구의3동%20메이탄,https://m.place.naver.com/restaurant/1639483820
페리카나광장동점,구의3동,1121587000,구의3동%20페리카나광장동점,https://m.place.naver.com/restaurant/11799916
김밥천국,구의3동,1121587000,구의3동%20김밥천국,https://m.place.naver.com/restaurant/1048747129
Margo,구의3동,1121587000,구의3동%20Margo,https://m.place.naver.com/restaurant/38008200
투썸플레이스동서울터미널,구의3동,1121587000,구의3동%20투썸플레이스동서울터미널,https://m.place.naver.com/restaurant/36948822
사랑채,구의3동,1121587000,구의3동%20사랑채,https://m.place.naver.com/restaurant/1155388207
전주식당,구의3동,1121587000,구의3동%20전주식당,https://m.place.naver.com/restaurant/20847703
카페쎄리오,구의3동,1121587000,구의3동%20카페쎄리오,https://m.place.naver.com/restaurant/34351051
양촌리화로구이,구의3동,1121587000,구의3동%20양촌리화로구이,https://m.place.naver.com/restaurant/35394904
리츠카페,구의3동,1121587000,구의3동%20리츠카페,https://m.place.naver.com/restaurant/1972252854
썬더치킨,구의3동,1121587000,구의3동%20썬더치킨,https://m.place.naver.com/restaurant/1384477932
계경순대국,구의3동,1121587000,구의3동%20계경순대국,https://m.place.naver.com/restaurant/1992344688
화이트펜슬스터디카페,구의3동,1121587000,구의3동%20화이트펜슬스터디카페,https://m.place.naver.com/restaurant/1798752277
동서울칼국수,구의3동,1121587000,구의3동%20동서울칼국수,https://m.place.naver.com/restaurant/21372808
버거킹,구의3동,1121587000,구의3동%20버거킹,https://m.place.naver.com/restaurant/1038471416
도치피자,구의3동,1121587000,구의3동%20도치피자,https://m.place.naver.com/restaurant/1555212741
투데이밥,구의3동,1121587000,구의3동%20투데이밥,https://m.place.naver.com/restaurant/1409228436
커피나와,구의3동,1121587000,구의3동%20커피나와,https://m.place.naver.com/restaurant/1670227276
빛나는청춘,구의3동,1121587000,구의3동%20빛나는청춘,https://m.place.naver.com/restaurant/1122976956
비주얼,구의3동,1121587000,구의3동%20비주얼,https://m.place.naver.com/restaurant/1612907920
스타벅스,구의3동,1121587000,구의3동%20스타벅스,https://m.place.naver.com/restaurant/1773973332
강남면옥광장점,구의3동,1121587000,구의3동%20강남면옥광장점,https://m.place.naver.com/restaurant/37561472
파스쿠찌테크노마트점,구의3동,1121587000,구의3동%20파스쿠찌테크노마트점,https://m.place.naver.com/restaurant/12073259
배스킨라빈스31,구의3동,1121587000,구의3동%20배스킨라빈스31,https://m.place.naver.com/restaurant/11489305
안동찜닭,구의3동,1121587000,구의3동%20안동찜닭,https://m.place.naver.com/restaurant/73664490
전주명가콩나물국밥,구의3동,1121587000,구의3동%20전주명가콩나물국밥,https://m.place.naver.com/restaurant/37796965
CGV강변,구의3동,1121587000,구의3동%20CGV강변,https://m.place.naver.com/restaurant/12124678
참토우,구의3동,1121587000,구의3동%20참토우,https://m.place.naver.com/restaurant/20668448
할리스커피테크노마트점,구의3동,1121587000,구의3동%20할리스커피테크노마트점,https://m.place.naver.com/restaurant/13396619
먹오삼,구의3동,1121587000,구의3동%20먹오삼,https://m.place.naver.com/restaurant/1462020346
서울등심,구의3동,1121587000,구의3동%20서울등심,https://m.place.naver.com/restaurant/1972553473
줄줄이김밥,구의3동,1121587000,구의3동%20줄줄이김밥,https://m.place.naver.com/restaurant/18815715
뚜레쥬르,구의3동,1121587000,구의3동%20뚜레쥬르,https://m.place.naver.com/restaurant/35117130
커피빈코리아강변테크노마트점,구의3동,1121587000,구의3동%20커피빈코리아강변테크노마트점,https://m.place.naver.com/restaurant/12971243
타논55,구의3동,1121587000,구의3동%20타논55,https://m.place.naver.com/restaurant/1073752929
탄뽀뽀,구의3동,1121587000,구의3동%20탄뽀뽀,https://m.place.naver.com/restaurant/1964590028
죠샌드위치,구의3동,1121587000,구의3동%20죠샌드위치,https://m.place.naver.com/restaurant/1513668398
꼬지사께,구의3동,1121587000,구의3동%20꼬지사께,https://m.place.naver.com/restaurant/37774624
BBQ치킨,구의3동,1121587000,구의3동%20BBQ치킨,https://m.place.naver.com/restaurant/980101432
제주뜰갈치전문점,구의3동,1121587000,구의3동%20제주뜰갈치전문점,https://m.place.naver.com/restaurant/13319959
라프리앙,구의3동,1121587000,구의3동%20라프리앙,https://m.place.naver.com/restaurant/1163290291
집파스타,구의3동,1121587000,구의3동%20집파스타,https://m.place.naver.com/restaurant/37683843
투썸플레이스,구의3동,1121587000,구의3동%20투썸플레이스,https://m.place.naver.com/restaurant/36948822
홍과자점,구의3동,1121587000,구의3동%20홍과자점,https://m.place.naver.com/restaurant/1988869021
청년피자,구로4동,1153055000,구로4동%20청년피자,https://m.place.naver.com/restaurant/1201019799
